,original_compressor_decay_coefficient,predicted_compressor_decay_coefficient
0,0.9520000000000001,0.953676
1,0.98,0.98059523
2,0.997,0.99722576
3,0.982,0.9769463
4,0.978,0.9796567
5,0.9590000000000001,0.9575115
6,0.995,0.9945869
7,0.958,0.95765954
8,0.97,0.96982795
9,0.96,0.9609951
10,0.993,0.99189603
11,0.9890000000000001,0.9874245
12,0.996,0.99748695
13,0.9570000000000001,0.956991
14,0.99,0.98421645
15,0.955,0.9543488
16,0.971,0.9715371
17,0.983,0.9844225
18,0.9620000000000001,0.9602292
19,0.992,0.99231565
20,0.9840000000000001,0.9851671
21,0.985,0.9849661
22,0.9520000000000001,0.95199394
23,0.9990000000000001,0.9971331
24,0.9890000000000001,0.9901733
25,0.988,0.98808193
26,0.97,0.9696257
27,0.958,0.96016127
28,0.988,0.988536
29,0.982,0.98328793
30,0.953,0.9526043
31,0.975,0.97465503
32,0.993,0.99469817
33,0.96,0.9588213
34,0.998,0.9969016
35,0.961,0.9614623
36,0.99,0.9905802
37,0.977,0.97772557
38,0.993,0.99586225
39,0.958,0.9591555
40,0.966,0.9653054
41,0.9520000000000001,0.953455
42,0.983,0.9818602
43,0.966,0.96666104
44,0.9990000000000001,0.99608123
45,0.965,0.9651539
46,0.993,0.99469817
47,0.96,0.96011883
48,0.9590000000000001,0.9577097
49,0.982,0.98177814
50,0.993,0.99215215
51,0.977,0.97655994
52,0.9590000000000001,0.9613544
53,0.986,0.9866487
54,0.9790000000000001,0.9765978
55,0.986,0.98495847
56,0.9890000000000001,0.9879585
57,0.986,0.986
58,0.9520000000000001,0.9524038
59,0.955,0.9563521
60,0.95,0.95134896
61,0.966,0.9713383
62,0.978,0.97906387
63,0.9670000000000001,0.9668087
64,0.961,0.9609814
65,0.981,0.9821888
66,0.982,0.98151225
67,0.9790000000000001,0.98055357
68,0.953,0.9531688
69,0.9690000000000001,0.9683183
70,0.977,0.9766338
71,0.995,0.9961879
72,0.993,0.99035233
73,0.968,0.96676046
74,0.983,0.9844283
75,0.987,0.986
76,0.9640000000000001,0.96384376
77,0.988,0.9904972
78,0.9620000000000001,0.9600046
79,0.9570000000000001,0.9563494
80,0.95,0.9516017
81,0.983,0.9830278
82,0.988,0.9875825
83,0.965,0.9637732
84,0.9890000000000001,0.9874895
85,0.958,0.9565452
86,0.961,0.96094036
87,0.9690000000000001,0.96814096
88,0.963,0.9655595
89,0.987,0.9874759
90,0.953,0.95483154
91,0.9570000000000001,0.9554496
92,0.95,0.9522135
93,0.963,0.9636008
94,0.968,0.9630339
95,0.956,0.95564413
96,0.958,0.9594715
97,0.966,0.9654527
98,0.955,0.95662665
99,0.9890000000000001,0.98827547
100,0.961,0.96098745
101,0.99,0.9919285
102,0.955,0.95553714
103,0.9640000000000001,0.96273094
104,0.9520000000000001,0.9534952
105,0.963,0.9638388
106,0.9570000000000001,0.95995563
107,0.96,0.95886445
108,0.981,0.9813801
109,0.987,0.98685795
110,0.966,0.9665127
111,0.956,0.95477754
112,0.97,0.97061116
113,0.95,0.9519789
114,0.963,0.962188
115,0.983,0.9841439
116,0.9520000000000001,0.9539632
117,0.9990000000000001,0.9979265
118,0.9590000000000001,0.95952374
119,0.991,0.99392
120,0.951,0.9534952
121,0.998,0.99716353
122,0.968,0.9688833
123,0.9690000000000001,0.97061235
124,0.9620000000000001,0.9600409
125,0.953,0.95426273
126,0.96,0.9587693
127,0.9670000000000001,0.96733475
128,0.9620000000000001,0.9597052
129,0.97,0.9684833
130,0.97,0.96950376
131,0.982,0.98304904
132,0.971,0.967871
133,0.988,0.98616326
134,0.968,0.966864
135,0.98,0.98011196
136,0.965,0.9657042
137,0.986,0.9867928
138,0.98,0.98202467
139,0.953,0.9559314
140,0.996,0.99461085
141,0.9540000000000001,0.9587537
142,0.9840000000000001,0.9846182
143,1.0,0.9967072
144,0.972,0.9732871
145,0.9690000000000001,0.9724769
146,0.96,0.95897675
147,0.985,0.98589903
148,0.971,0.97221863
149,0.9840000000000001,0.9845498
150,0.958,0.95752734
151,0.9520000000000001,0.9524463
152,0.963,0.9613231
153,0.9590000000000001,0.95692396
154,0.997,0.9957468
155,0.953,0.9535718
156,0.985,0.98604155
157,0.951,0.9532832
158,0.9520000000000001,0.9531829
159,0.997,0.9962801
160,0.9620000000000001,0.9626095
161,0.96,0.96006125
162,0.9890000000000001,0.9883722
163,0.996,0.9965129
164,0.9570000000000001,0.95598024
165,0.9520000000000001,0.9540562
166,0.986,0.98646843
167,0.9540000000000001,0.95500267
168,0.995,0.9944008
169,0.985,0.98475003
170,0.971,0.97126263
171,0.993,0.99288905
172,0.9690000000000001,0.9672864
173,0.996,0.99495447
174,0.992,0.99105513
175,0.9890000000000001,0.9894621
176,0.982,0.9825326
177,0.9670000000000001,0.9667123
178,0.986,0.98450357
179,1.0,0.99748766
180,0.9590000000000001,0.9577343
181,0.975,0.9718013
182,0.99,0.9894845
183,0.992,0.99145246
184,0.982,0.9823681
185,0.97,0.970278
186,0.988,0.98863465
187,0.98,0.97884464
188,0.9620000000000001,0.9644259
189,0.96,0.96201175
190,0.953,0.95350045
191,0.997,0.9941868
192,0.977,0.97735775
193,0.9990000000000001,0.99739814
194,0.96,0.95812184
195,0.963,0.9649043
196,1.0,0.9978752
197,0.96,0.9594738
198,0.971,0.9745261
199,0.971,0.9712258
200,0.951,0.952632
201,0.968,0.96945155
202,0.9890000000000001,0.9879622
203,0.991,0.9930035
204,0.981,0.9795391
205,0.985,0.98394436
206,0.985,0.9839813
207,0.993,0.9934612
208,0.991,0.990695
209,0.976,0.9759236
210,0.973,0.9728894
211,0.953,0.9558805
212,0.95,0.95220757
213,0.992,0.98394555
214,0.968,0.9675307
215,0.9890000000000001,0.989322
216,0.991,0.990776
217,0.9620000000000001,0.9627992
218,0.975,0.97445077
219,0.9540000000000001,0.9558805
220,0.97,0.9712565
221,0.997,0.99662715
222,0.976,0.9772395
223,0.98,0.98030525
224,0.9620000000000001,0.96248484
225,0.983,0.9787774
226,0.966,0.9644526
227,0.9640000000000001,0.9620697
228,0.978,0.9777952
229,0.9990000000000001,0.99781877
230,0.95,0.95324135
231,0.966,0.9661604
232,0.998,0.9978549
233,0.9740000000000001,0.9743901
234,0.965,0.9657233
235,0.978,0.9791255
236,0.966,0.96615595
237,0.988,0.9891701
238,0.958,0.95624536
239,1.0,0.9985312
240,0.958,0.9576982
241,0.97,0.97261727
242,0.977,0.9746601
243,0.9520000000000001,0.9524822
244,0.992,0.993
245,0.955,0.9563372
246,0.991,0.9907865
247,0.951,0.9526802
248,0.951,0.95324135
249,0.995,0.9942408
250,0.956,0.95778024
251,0.951,0.9525504
252,0.998,0.99839216
253,0.965,0.9644526
254,0.982,0.9836033
255,0.996,0.9963117
256,0.98,0.9808322
257,0.951,0.9513321
258,0.975,0.97504085
259,0.9520000000000001,0.95191354
260,0.985,0.9856261
261,0.9690000000000001,0.9671826
262,0.985,0.98519903
263,0.982,0.9819784
264,0.9740000000000001,0.975517
265,0.9890000000000001,0.9891624
266,0.9620000000000001,0.96327096
267,0.9570000000000001,0.9562103
268,0.958,0.95800734
269,0.998,0.99797416
270,0.9620000000000001,0.9626391
271,0.9620000000000001,0.9597729
272,0.996,0.995902
273,0.97,0.9690767
274,0.955,0.9546132
275,0.9540000000000001,0.9544618
276,0.99,0.9922517
277,0.963,0.97045016
278,0.998,0.9961297
279,0.978,0.9800624
280,0.985,0.98450357
281,0.988,0.98675656
282,0.986,0.9855885
283,0.982,0.9823681
284,0.988,0.98808193
285,0.956,0.9569769
286,0.968,0.96690947
287,0.95,0.95310795
288,0.971,0.97126424
289,0.96,0.9607322
290,0.9790000000000001,0.9812737
291,0.987,0.9818349
292,0.99,0.9928237
293,0.996,0.99369365
294,0.966,0.96394056
295,0.961,0.9617155
296,0.992,0.9943577
297,0.9540000000000001,0.95442736
298,0.958,0.95914215
299,0.971,0.97155255
300,0.963,0.9624925
301,0.995,0.99347085
302,0.95,0.952543
303,0.9620000000000001,0.96253294
304,0.996,0.99500185
305,0.9620000000000001,0.96430075
306,0.97,0.96492916
307,0.9840000000000001,0.9854231
308,0.995,0.9953488
309,0.995,0.995814
310,0.992,0.99083906
311,0.9890000000000001,0.9891508
312,0.993,0.993829
313,0.955,0.95429766
314,0.9990000000000001,0.99774617
315,0.996,0.99370265
316,0.966,0.96465796
317,0.998,0.99745697
318,0.973,0.97067356
319,0.97,0.9684833
320,0.9670000000000001,0.9661676
321,0.971,0.9720375
322,0.9670000000000001,0.9649104
323,0.955,0.95491695
324,0.975,0.9762958
325,0.978,0.97702336
326,1.0,0.9967042
327,0.951,0.95305103
328,0.985,0.9856327
329,0.998,0.99687225
330,0.988,0.98576057
331,0.9790000000000001,0.97905314
332,0.96,0.9618049
333,0.9890000000000001,0.98827416
334,0.973,0.97496206
335,0.986,0.9858612
336,0.9690000000000001,0.9671826
337,0.972,0.9735686
338,0.987,0.9871587
339,0.956,0.9554346
340,1.0,0.9982819
341,0.971,0.9701574
342,0.9540000000000001,0.9538458
343,0.9690000000000001,0.9720715
344,0.98,0.97855145
345,0.995,0.99301636
346,0.951,0.9531829
347,0.971,0.97151864
348,0.985,0.98566437
349,0.955,0.95639557
350,0.976,0.9755045
351,0.988,0.98875356
352,0.991,0.99112123
353,0.995,0.99537146
354,0.997,0.9961854
355,0.992,0.99213064
356,0.9640000000000001,0.9636956
357,0.9620000000000001,0.9629311
358,0.9540000000000001,0.95527166
359,0.97,0.9702111
360,0.987,0.9874759
361,0.965,0.9656133
362,0.975,0.97514445
363,0.991,0.98910785
364,0.961,0.9607458
365,0.981,0.97884464
366,0.975,0.9747634
367,0.965,0.96458405
368,0.9940000000000001,0.9933464
369,0.975,0.97248125
370,0.9620000000000001,0.96187186
371,0.991,0.9930422
372,0.9620000000000001,0.96094036
373,0.993,0.9927774
374,0.9690000000000001,0.96969295
375,0.998,0.9973708
376,0.96,0.9602227
377,0.982,0.98384
378,0.997,0.99739593
379,0.99,0.9913877
380,0.9790000000000001,0.9778916
381,0.9570000000000001,0.9582742
382,0.9670000000000001,0.96584016
383,0.987,0.9870338
384,0.98,0.982258
385,0.9940000000000001,0.99395126
386,0.972,0.9705192
387,0.976,0.975204
388,0.95,0.9522725
389,0.95,0.9510195
390,0.977,0.97729945
391,0.968,0.967233
392,0.99,0.98932076
393,0.951,0.95295405
394,0.992,0.99332124
395,0.9740000000000001,0.9726289
396,0.971,0.97047126
397,0.982,0.9830734
398,0.976,0.9773467
399,0.96,0.96143234
400,0.963,0.96348053
401,0.97,0.97131604
402,0.982,0.98110646
403,0.978,0.97702336
404,0.98,0.98059523
405,0.965,0.9655837
406,0.9840000000000001,0.9839734
407,0.985,0.986953
408,0.98,0.9802595
409,0.977,0.97927964
410,0.963,0.96561724
411,0.95,0.9531609
412,0.998,0.99522287
413,0.97,0.96983147
414,0.9590000000000001,0.95807743
415,0.958,0.95864576
416,0.9840000000000001,0.9842125
417,0.96,0.9581656
418,0.9590000000000001,0.9580117
419,0.9690000000000001,0.9688833
420,0.99,0.9895918
421,1.0,0.99842685
422,0.995,0.9934478
423,0.9540000000000001,0.95556
424,0.98,0.98163456
425,0.978,0.9794601
426,0.9670000000000001,0.9672779
427,0.963,0.9645589
428,0.966,0.96629345
429,0.9640000000000001,0.96280605
430,0.97,0.97322536
431,0.9570000000000001,0.95624536
432,0.9570000000000001,0.9563244
433,0.966,0.9659068
434,0.966,0.9653388
435,0.9640000000000001,0.9627396
436,0.996,0.99685025
437,0.95,0.9517898
438,0.988,0.99058276
439,0.986,0.98593694
440,0.9940000000000001,0.9947791
441,0.971,0.9727837
442,0.998,0.9967568
443,0.971,0.9708488
444,0.956,0.95585334
445,0.956,0.9556858
446,0.996,0.996005
447,0.975,0.97777486
448,0.9540000000000001,0.9536396
449,0.982,0.97980434
450,0.982,0.98130864
451,0.9890000000000001,0.9893852
452,0.9990000000000001,0.99747324
453,0.951,0.95310795
454,0.977,0.9773706
455,0.965,0.96381885
456,0.956,0.9554922
457,0.965,0.9644526
458,0.9690000000000001,0.9678129
459,0.991,0.98904705
460,0.993,0.99403846
461,0.997,0.99774253
462,0.966,0.9654713
463,0.9790000000000001,0.97797287
464,0.9640000000000001,0.9646161
465,0.968,0.9653047
466,0.9890000000000001,0.98627895
467,0.996,0.9960108
468,0.991,0.9917117
469,0.96,0.9595055
470,0.99,0.9863116
471,0.997,0.99790275
472,0.966,0.9650527
473,0.978,0.97680175
474,0.9620000000000001,0.96036637
475,0.9890000000000001,0.98946595
476,0.988,0.9901843
477,0.987,0.9892619
478,0.9640000000000001,0.9634344
479,0.983,0.98296976
480,0.9570000000000001,0.9553008
481,0.991,0.99248266
482,0.987,0.98717564
483,0.9740000000000001,0.9746697
484,0.9640000000000001,0.9639153
485,0.968,0.9674909
486,0.9670000000000001,0.9640504
487,0.96,0.9640184
488,0.98,0.9811575
489,0.972,0.97079283
490,0.9590000000000001,0.959385
491,0.983,0.9874355
492,0.986,0.98641694
493,0.996,0.99568355
494,0.972,0.97271585
495,0.986,0.98482615
496,0.9840000000000001,0.98541254
497,0.9590000000000001,0.96209276
498,0.9590000000000001,0.9576555
499,0.998,0.9987728
500,0.975,0.9720025
501,0.9590000000000001,0.95710146
502,0.982,0.98052216
503,0.992,0.9915477
504,0.955,0.955999
505,0.951,0.95342624
506,0.9790000000000001,0.9814697
507,0.998,0.9978676
508,0.953,0.9530881
509,0.9520000000000001,0.95298404
510,0.9890000000000001,0.99039066
511,0.98,0.9810485
512,0.997,0.9968301
513,0.986,0.9855443
514,0.9590000000000001,0.9600437
515,0.9690000000000001,0.9686556
516,0.986,0.98482615
517,0.971,0.9715334
518,0.993,0.99310696
519,0.986,0.98761845
520,0.966,0.9660057
521,0.9570000000000001,0.95570827
522,0.977,0.97596943
523,0.965,0.9650067
524,0.963,0.962171
525,0.96,0.9601601
526,0.9640000000000001,0.9640072
527,0.9670000000000001,0.9650897
528,1.0,0.99826473
529,0.9620000000000001,0.9604528
530,0.95,0.9523949
531,0.971,0.96990424
532,0.99,0.98896074
533,0.965,0.96559024
534,0.955,0.9553008
535,0.993,0.9926241
536,0.963,0.9629155
537,0.963,0.96574694
538,0.9740000000000001,0.9754154
539,0.963,0.96595776
540,0.9670000000000001,0.9688833
541,0.975,0.97583455
542,0.9940000000000001,0.99386346
543,0.963,0.9629127
544,0.956,0.9553008
545,0.9590000000000001,0.96082765
546,0.97,0.9708365
547,0.973,0.9711847
548,0.96,0.9599966
549,1.0,0.99712074
550,0.991,0.99184424
551,0.9640000000000001,0.96308607
552,0.956,0.9565749
553,0.958,0.95780885
554,0.9640000000000001,0.9621003
555,0.9520000000000001,0.9531487
556,0.958,0.9565411
557,1.0,0.9990107
558,0.977,0.976716
559,0.9740000000000001,0.976647
560,0.9940000000000001,0.9961149
561,0.997,0.9937358
562,0.951,0.9530643
563,0.9640000000000001,0.9625551
564,0.9790000000000001,0.9774071
565,0.983,0.98281336
566,0.995,0.99455494
567,0.963,0.96373653
568,0.968,0.96941245
569,0.961,0.9616659
570,0.9540000000000001,0.95435727
571,0.9740000000000001,0.9807336
572,0.995,0.9948306
573,0.9640000000000001,0.9619326
574,0.995,0.9948915
575,0.961,0.9595562
576,0.993,0.9932084
577,0.958,0.9591518
578,0.98,0.97994906
579,0.9990000000000001,0.99764687
580,0.9790000000000001,0.9795517
581,0.987,0.9869679
582,0.992,0.99393475
583,0.977,0.9773455
584,0.953,0.95298404
585,0.977,0.9753884
586,0.9690000000000001,0.97087663
587,0.9540000000000001,0.95400393
588,0.9690000000000001,0.97033936
589,0.95,0.9530643
590,0.973,0.97515553
591,0.96,0.9575115
592,0.97,0.971982
593,0.9620000000000001,0.9637303
594,0.9690000000000001,0.96950376
595,0.972,0.9711127
596,0.9990000000000001,0.9978752
597,0.9940000000000001,0.996043
598,0.9670000000000001,0.9663983
599,0.956,0.95979124
600,0.966,0.9661503
601,0.9890000000000001,0.9884526
602,0.9640000000000001,0.96182483
603,0.956,0.95506716
604,0.995,0.99445605
605,0.985,0.98450357
606,0.9570000000000001,0.9551973
607,0.991,0.9918402
608,0.993,0.99185723
609,0.987,0.98814124
610,0.973,0.97330266
611,0.95,0.95161843
612,0.99,0.9894725
613,0.9570000000000001,0.95596695
614,0.961,0.9624548
615,0.993,0.99335396
616,1.0,0.99909836
617,0.9520000000000001,0.9535023
618,0.9590000000000001,0.9576887
619,0.9620000000000001,0.96276003
620,0.98,0.97932404
621,0.966,0.96733475
622,0.993,0.9936128
623,0.9640000000000001,0.9635004
624,0.9990000000000001,1.0001177
625,0.9690000000000001,0.9684833
626,0.9790000000000001,0.9756633
627,0.9670000000000001,0.96802276
628,0.972,0.9728398
629,0.995,0.99313146
630,0.971,0.9676344
631,0.968,0.9696855
632,0.983,0.9848954
633,0.955,0.95391494
634,0.981,0.9728611
635,0.958,0.9584079
636,0.968,0.9678795
637,0.963,0.9601082
638,0.987,0.9874934
639,0.993,0.993613
640,0.973,0.9735162
641,0.968,0.9668967
642,0.955,0.9546055
643,0.961,0.9616399
644,0.9590000000000001,0.9589959
645,0.951,0.9520712
646,0.9940000000000001,0.9928066
647,0.9740000000000001,0.9752628
648,0.9540000000000001,0.9537228
649,0.97,0.96886194
650,0.996,0.99611163
651,0.988,0.9893533
652,0.986,0.98710793
653,0.963,0.9629127
654,0.973,0.9727507
655,0.953,0.9538664
656,0.99,0.9876881
657,0.965,0.9651192
658,0.971,0.97067356
659,0.9590000000000001,0.9583395
660,0.995,0.99370265
661,0.953,0.95342296
662,0.951,0.952479
663,0.958,0.9580665
664,0.977,0.97836685
665,0.982,0.9803179
666,0.978,0.9785732
667,0.968,0.9671826
668,0.9590000000000001,0.9569069
669,0.982,0.9805354
670,0.958,0.95491666
671,0.983,0.9837029
672,0.971,0.9720452
673,0.9690000000000001,0.9671537
674,0.96,0.9589428
675,0.975,0.97373974
676,0.956,0.95579225
677,0.9840000000000001,0.98498106
678,0.9620000000000001,0.96218616
679,0.9790000000000001,0.980299
680,0.997,0.99727625
681,0.986,0.9865862
682,0.971,0.96853024
683,0.975,0.97503704
684,0.9740000000000001,0.97663707
685,0.955,0.954829
686,0.988,0.9875154
687,0.9740000000000001,0.9738281
688,0.99,0.98896074
689,0.953,0.95318925
690,0.965,0.96463346
691,0.963,0.9624197
692,0.9570000000000001,0.95504403
693,0.961,0.9618151
694,0.9640000000000001,0.96399665
695,0.958,0.9577252
696,0.992,0.98935854
697,0.998,0.997205
698,0.9840000000000001,0.9840379
699,0.9840000000000001,0.98405266
700,0.983,0.98086613
701,0.991,0.9922517
702,0.956,0.9591555
703,0.95,0.952213
704,0.955,0.9557782
705,0.9740000000000001,0.97396916
706,0.98,0.981124
707,0.981,0.9830734
708,0.9990000000000001,0.99781495
709,0.977,0.97515726
710,0.955,0.95505404
711,0.96,0.9596814
712,0.9640000000000001,0.96401376
713,0.996,0.99748695
714,0.966,0.96669745
715,0.988,0.98797
716,0.9790000000000001,0.9805411
717,0.955,0.955503
718,0.991,0.9882922
719,0.973,0.9718349
720,0.976,0.9769291
721,0.9790000000000001,0.9790559
722,0.981,0.9812491
723,0.99,0.9905329
724,0.993,0.99212134
725,0.99,0.9894845
726,0.975,0.9746595
727,0.953,0.95318925
728,0.986,0.98798
729,0.956,0.95620525
730,0.977,0.974266
731,0.992,0.99197364
732,0.991,0.9917273
733,0.958,0.9585464
734,0.983,0.9825209
735,0.963,0.9607407
736,0.98,0.9814697
737,0.992,0.9910514
738,0.9890000000000001,0.988943
739,0.976,0.9776125
740,0.982,0.98397255
741,0.9520000000000001,0.95346504
742,0.9540000000000001,0.9540679
743,0.977,0.9768218
744,0.961,0.9630418
745,0.9890000000000001,0.98896074
746,0.972,0.9709485
747,0.97,0.97067356
748,0.992,0.9920298
749,0.955,0.9555013
750,0.961,0.96006125
751,0.961,0.9593251
752,0.998,0.9975362
753,0.9890000000000001,0.988769
754,0.996,0.99721
755,0.9620000000000001,0.96004665
756,0.997,0.997047
757,0.978,0.97870344
758,1.0,0.99798137
759,0.975,0.97383225
760,0.9620000000000001,0.9624548
761,0.981,0.9820171
762,0.9840000000000001,0.9844344
763,0.9540000000000001,0.9545447
764,0.951,0.9531277
765,0.9740000000000001,0.9751997
766,0.991,0.9902534
767,0.953,0.95299536
768,0.9940000000000001,0.99485964
769,0.981,0.9815624
770,0.958,0.95884264
771,0.963,0.9646803
772,0.956,0.95621496
773,0.9940000000000001,0.9953933
774,0.96,0.9585464
775,0.961,0.9600614
776,0.95,0.9525349
777,0.966,0.9644941
778,0.995,0.99411774
779,0.993,0.9917117
780,0.9620000000000001,0.9626861
781,0.976,0.9732237
782,0.96,0.9592852
783,0.9940000000000001,0.99225765
784,0.9640000000000001,0.96501154
785,1.0,0.9967042
786,0.997,0.9969101
787,0.991,0.97686255
788,0.972,0.97389114
789,0.95,0.95156837
790,0.981,0.982706
791,0.972,0.97204936
792,1.0,0.99858236
793,0.951,0.95318943
794,0.96,0.9588198
795,0.992,0.9924128
796,0.95,0.9531277
797,0.961,0.9605574
798,0.976,0.97729075
799,0.986,0.98359585
800,0.993,0.99465615
801,0.9690000000000001,0.9674239
802,0.993,0.99035233
803,0.9520000000000001,0.9540268
804,0.995,0.99563515
805,0.978,0.9784612
806,0.986,0.98711973
807,0.963,0.96147114
808,0.961,0.9626391
809,0.976,0.97583455
810,0.985,0.98402196
811,0.9520000000000001,0.9527459
812,0.955,0.9541032
813,0.95,0.9527782
814,0.976,0.9752083
815,0.998,0.99734676
816,0.956,0.9560183
817,0.958,0.9583388
818,0.995,0.9944931
819,0.9740000000000001,0.97459227
820,0.981,0.9825088
821,0.9640000000000001,0.965203
822,0.991,0.9911838
823,0.991,0.99155873
824,0.993,0.9943805
825,0.985,0.9840088
826,0.968,0.9686809
827,0.9670000000000001,0.9695597
828,0.992,0.9936106
829,0.95,0.952193
830,0.9740000000000001,0.97458243
831,0.98,0.9801925
832,0.9740000000000001,0.9738976
833,0.9790000000000001,0.97855145
834,0.992,0.9918616
835,0.991,0.9917117
836,0.9740000000000001,0.97039145
837,0.9640000000000001,0.9618454
838,0.958,0.95744336
839,0.953,0.9535259
840,0.965,0.96524554
841,0.958,0.95853263
842,0.996,0.9951264
843,0.956,0.9570876
844,0.997,0.9888562
845,0.9690000000000001,0.96783906
846,0.976,0.9746601
847,0.971,0.9732525
848,0.997,0.997162
849,0.953,0.95333517
850,0.998,0.9970592
851,0.972,0.97389627
852,0.955,0.9557017
853,0.9590000000000001,0.9597092
854,0.9740000000000001,0.9740785
855,0.966,0.96798164
856,0.991,0.9921208
857,0.95,0.9508731
858,0.9990000000000001,0.997433
859,0.9640000000000001,0.96169484
860,0.997,0.99717265
861,0.9590000000000001,0.9592361
862,1.0,0.997984
863,0.9790000000000001,0.9809247
864,0.973,0.97378135
865,0.975,0.9732655
866,0.9990000000000001,0.99684376
867,0.982,0.9820113
868,0.953,0.9530945
869,0.951,0.95342314
870,0.966,0.9652473
871,0.9670000000000001,0.96618533
872,0.9940000000000001,0.99322665
873,0.96,0.96166605
874,0.9890000000000001,0.98828495
875,0.965,0.9648414
876,0.9890000000000001,0.9899271
877,0.98,0.97790927
878,0.982,0.97704804
879,0.9940000000000001,0.99417967
880,0.96,0.96084285
881,0.99,0.988001
882,0.95,0.9521356
883,0.9990000000000001,0.9978091
884,0.976,0.97655994
885,0.971,0.9694537
886,0.978,0.9778916
887,0.9940000000000001,0.99321365
888,0.9840000000000001,0.98398477
889,0.958,0.9587319
890,0.9740000000000001,0.97477347
891,0.992,0.9931464
892,0.993,0.9915744
893,0.987,0.98761845
894,0.987,0.98746145
895,0.992,0.9916328
896,0.985,0.9862321
897,0.951,0.9530312
898,0.991,0.99332124
899,0.98,0.9785063
900,0.991,0.99078685
901,0.972,0.96990424
902,0.997,0.9964015
903,0.985,0.9838249
904,0.9670000000000001,0.9684137
905,0.9520000000000001,0.9535084
906,0.965,0.9649429
907,0.973,0.9724806
908,0.9840000000000001,0.98438615
909,0.973,0.97282696
910,0.973,0.9730875
911,0.9640000000000001,0.96561724
912,0.998,0.996014
913,0.9590000000000001,0.9581249
914,0.996,0.9926947
915,0.953,0.953759
916,0.9890000000000001,0.9887779
917,0.965,0.96418583
918,0.992,0.99382675
919,0.997,0.996517
920,0.9940000000000001,0.9934891
921,0.955,0.9555064
922,0.996,0.9965051
923,0.9740000000000001,0.9769291
924,0.985,0.9847129
925,0.9570000000000001,0.95653975
926,0.966,0.96607697
927,0.951,0.95298404
928,0.993,0.9919881
929,0.976,0.9766393
930,0.9570000000000001,0.95838195
931,0.9590000000000001,0.9588313
932,1.0,0.9980583
933,0.9670000000000001,0.9653054
934,0.983,0.98332196
935,0.9570000000000001,0.9587747
936,0.991,0.9919124
937,0.991,0.99623626
938,0.996,0.99685025
939,0.995,0.9947692
940,0.996,0.99401
941,0.9670000000000001,0.9678129
942,0.986,0.98383826
943,0.98,0.9810683
944,0.9890000000000001,0.98901874
945,0.983,0.9821337
946,0.977,0.97586006
947,0.955,0.95287496
948,0.981,0.97984487
949,0.9670000000000001,0.964392
950,0.9890000000000001,0.99179465
951,0.978,0.97776806
952,0.995,0.99615824
953,0.965,0.9644635
954,0.961,0.9620171
955,0.955,0.9545803
956,0.972,0.97316897
957,0.9840000000000001,0.9856131
958,0.991,0.99148166
959,0.9790000000000001,0.9778916
960,0.9940000000000001,0.9895404
961,0.972,0.97015387
962,0.983,0.98304904
963,0.956,0.9575268
964,0.996,0.99588966
965,0.951,0.95322096
966,0.9740000000000001,0.9743152
967,0.9940000000000001,0.99339426
968,0.997,0.9961838
969,0.968,0.9673131
970,0.9840000000000001,0.98720366
971,0.955,0.95351976
972,0.9740000000000001,0.97370845
973,0.9670000000000001,0.9674046
974,0.9620000000000001,0.96185255
975,0.991,0.99047625
976,0.997,0.99721
977,0.988,0.98356426
978,0.9690000000000001,0.9681157
979,0.9890000000000001,0.9901833
980,0.9570000000000001,0.9575497
981,0.9540000000000001,0.9531654
982,0.972,0.97417283
983,0.972,0.97130126
984,0.985,0.9846182
985,0.993,0.9943577
986,0.96,0.9610562
987,0.961,0.9607322
988,0.9570000000000001,0.95664924
989,0.95,0.9510865
990,0.9640000000000001,0.9651809
991,0.9570000000000001,0.9571295
992,0.965,0.96292245
993,0.972,0.97013915
994,0.99,0.9907949
995,0.9540000000000001,0.9541084
996,0.9520000000000001,0.95342314
997,0.9570000000000001,0.9571471
998,0.961,0.9604721
999,0.966,0.96558607
1000,0.99,0.9906811
1001,0.995,0.9924417
1002,0.992,0.9943577
1003,0.983,0.9856131
1004,0.966,0.9681157
1005,0.992,0.9922258
1006,0.9890000000000001,0.98970646
1007,0.968,0.9671873
1008,0.986,0.98714215
1009,0.99,0.99055445
1010,0.996,0.99654365
1011,0.9690000000000001,0.96815854
1012,0.968,0.9674239
1013,0.988,0.987733
1014,0.968,0.9690553
1015,0.9640000000000001,0.96550447
1016,0.956,0.9559648
1017,0.987,0.9836497
1018,0.99,0.9904066
1019,0.965,0.9615896
1020,0.9590000000000001,0.95769197
1021,0.9990000000000001,0.99717486
1022,0.988,0.9878044
1023,0.998,0.9977918
1024,0.9620000000000001,0.9596588
1025,0.992,0.99156535
1026,0.972,0.9712127
1027,0.9590000000000001,0.9581249
1028,0.9740000000000001,0.9723705
1029,0.953,0.9548598
1030,0.985,0.98478115
1031,0.953,0.95442444
1032,0.998,0.99686754
1033,0.961,0.9629488
1034,0.985,0.98311865
1035,0.991,0.99182993
1036,0.9520000000000001,0.95321244
1037,0.985,0.98692316
1038,0.953,0.9540254
1039,0.9590000000000001,0.9610678
1040,0.9990000000000001,0.99726045
1041,0.963,0.9654915
1042,0.973,0.9728198
1043,0.996,0.99370265
1044,0.9790000000000001,0.98146415
1045,0.977,0.97631526
1046,0.988,0.9826711
1047,0.951,0.9525349
1048,0.951,0.95126355
1049,0.97,0.9708488
1050,0.997,0.99577063
1051,0.96,0.9605673
1052,0.977,0.97588384
1053,0.9690000000000001,0.96975327
1054,0.958,0.9591896
1055,0.966,0.9675479
1056,0.982,0.9803238
1057,0.9690000000000001,0.9686556
1058,0.9620000000000001,0.96077794
1059,0.9690000000000001,0.9688422
1060,0.982,0.9825209
1061,0.9990000000000001,0.9967042
1062,0.956,0.95540583
1063,0.9840000000000001,0.9848954
1064,0.996,0.99721
1065,0.986,0.98570776
1066,0.988,0.98879987
1067,0.956,0.95533365
1068,0.96,0.96057504
1069,0.9570000000000001,0.955496
1070,0.9520000000000001,0.95437914
1071,0.983,0.9814474
1072,0.975,0.9757308
1073,0.996,0.99516857
1074,0.981,0.9830025
1075,0.982,0.9852548
1076,0.955,0.9549973
1077,0.998,0.99708456
1078,0.987,0.985377
1079,0.998,0.99710524
1080,0.951,0.9523174
1081,0.953,0.9542758
1082,0.9620000000000001,0.9614821
1083,0.982,0.983606
1084,0.9990000000000001,0.9978473
1085,0.9890000000000001,0.9876966
1086,0.9540000000000001,0.95419735
1087,0.99,0.9923269
1088,0.985,0.98826617
1089,0.963,0.964681
1090,0.953,0.9534326
1091,0.977,0.9800687
1092,0.973,0.97222126
1093,0.958,0.9609482
1094,0.988,0.98764956
1095,0.993,0.9931936
1096,0.9640000000000001,0.9664391
1097,0.98,0.97966176
1098,0.973,0.97496206
1099,0.988,0.98652667
1100,0.9890000000000001,0.99145633
1101,0.985,0.9788586
1102,0.995,0.9942771
1103,0.997,0.9977381
1104,0.956,0.95824575
1105,0.9790000000000001,0.98029923
1106,0.9940000000000001,0.9935161
1107,0.988,0.98826575
1108,0.97,0.97182906
1109,0.956,0.9565275
1110,0.991,0.9910935
1111,0.997,0.9960904
1112,0.9540000000000001,0.95521194
1113,0.9620000000000001,0.9626391
1114,0.9640000000000001,0.96624714
1115,0.965,0.9628635
1116,0.9690000000000001,0.9685462
1117,0.978,0.9769329
1118,0.985,0.98510903
1119,0.993,0.9932801
1120,0.9570000000000001,0.9570275
1121,0.968,0.967605
1122,0.977,0.9772395
1123,0.961,0.96090615
1124,0.958,0.9580474
1125,0.977,0.9766338
1126,0.971,0.96950376
1127,0.9940000000000001,0.99332297
1128,0.956,0.9563372
1129,0.9590000000000001,0.95798576
1130,0.998,0.996904
1131,0.981,0.98088056
1132,0.98,0.982258
1133,0.977,0.97800505
1134,0.9540000000000001,0.9542876
1135,0.9520000000000001,0.9523881
1136,0.9790000000000001,0.9805411
1137,1.0,0.9976321
1138,0.986,0.98401344
1139,0.963,0.9637265
1140,0.971,0.9718004
1141,0.99,0.9955202
1142,0.965,0.9649461
1143,0.9790000000000001,0.9784722
1144,0.975,0.9754057
1145,0.9570000000000001,0.9551393
1146,0.981,0.98202467
1147,0.986,0.9861801
1148,0.981,0.98186255
1149,0.9790000000000001,0.9752749
1150,0.99,0.98907906
1151,0.9590000000000001,0.95885646
1152,0.95,0.95237243
1153,0.966,0.96687883
1154,0.958,0.96082765
1155,0.973,0.97411764
1156,0.9520000000000001,0.9534809
1157,0.9690000000000001,0.96782345
1158,0.9990000000000001,0.9972533
1159,0.982,0.9827884
1160,0.992,0.99131614
1161,0.956,0.9559407
1162,0.9540000000000001,0.95416987
1163,0.9740000000000001,0.9747662
1164,0.975,0.9743946
1165,0.9640000000000001,0.96471834
1166,0.981,0.9827884
1167,0.9790000000000001,0.97661096
1168,0.9670000000000001,0.9675448
1169,0.996,0.99508184
1170,0.977,0.9757895
1171,0.977,0.97645164
1172,0.9790000000000001,0.97973555
1173,0.975,0.9750705
1174,1.0,1.0074216
1175,0.976,0.9743901
1176,0.983,0.9840531
1177,0.996,0.9933034
1178,0.9740000000000001,0.9747662
1179,0.9990000000000001,1.000429
1180,0.971,0.9712127
1181,0.9540000000000001,0.95447123
1182,0.965,0.9645131
1183,0.997,0.993992
1184,0.985,0.98773676
1185,0.953,0.9548398
1186,0.9520000000000001,0.9526002
1187,0.9740000000000001,0.9740791
1188,0.971,0.9712127
1189,0.976,0.9770724
1190,0.9940000000000001,0.9936512
1191,0.9520000000000001,0.9524306
1192,0.9840000000000001,0.98520994
1193,0.9890000000000001,0.9894762
1194,0.975,0.9738976
1195,0.9640000000000001,0.9637355
1196,0.975,0.97564554
1197,0.993,0.99174654
1198,1.0,0.9967042
1199,0.972,0.97762614
1200,0.968,0.9683172
1201,0.9890000000000001,0.98855245
1202,0.966,0.965937
1203,0.9840000000000001,0.9837364
1204,0.965,0.96566325
1205,0.9520000000000001,0.9525394
1206,0.9540000000000001,0.9556424
1207,0.983,0.98025
1208,0.9840000000000001,0.98318875
1209,0.995,0.99406475
1210,0.953,0.95447326
1211,0.965,0.9658226
1212,0.981,0.980787
1213,0.9670000000000001,0.9665427
1214,0.997,0.99754405
1215,0.9940000000000001,0.99072355
1216,0.9640000000000001,0.9607407
1217,0.988,0.988438
1218,0.992,0.99201137
1219,0.9790000000000001,0.97805357
1220,0.955,0.9558229
1221,0.96,0.9575115
1222,0.9620000000000001,0.9604348
1223,0.9520000000000001,0.9541004
1224,0.9740000000000001,0.9744396
1225,0.9940000000000001,0.99465543
1226,0.982,0.9775874
1227,0.955,0.9563372
1228,0.953,0.9536532
1229,0.9690000000000001,0.9674804
1230,0.985,0.9842442
1231,0.956,0.9553729
1232,0.981,0.98036975
1233,0.953,0.95350826
1234,0.966,0.96754515
1235,0.965,0.9653417
1236,0.991,0.9927361
1237,0.996,0.99641603
1238,0.9990000000000001,0.99665326
1239,0.97,0.970844
1240,0.981,0.9816253
1241,0.95,0.9510821
1242,0.9890000000000001,0.9874232
1243,0.968,0.9699724
1244,0.9690000000000001,0.9711359
1245,0.953,0.95423144
1246,0.9840000000000001,0.9837029
1247,0.96,0.9597716
1248,0.983,0.9825581
1249,0.9520000000000001,0.95355994
1250,0.9640000000000001,0.961269
1251,0.9790000000000001,0.97813946
1252,0.966,0.9658572
1253,0.983,0.98394436
1254,0.9990000000000001,0.99680454
1255,0.997,0.9961537
1256,0.951,0.95223176
1257,0.9540000000000001,0.95404357
1258,0.968,0.9681456
1259,0.986,0.98704207
1260,0.998,0.99686754
1261,0.995,0.98430425
1262,0.961,0.9626138
1263,0.988,0.9875641
1264,0.96,0.95851356
1265,0.9670000000000001,0.9654527
1266,0.9670000000000001,0.9725396
1267,0.958,0.9559182
1268,0.9570000000000001,0.9587747
1269,0.987,0.9865921
1270,0.995,0.9955194
1271,1.0,0.9954477
1272,0.965,0.9651234
1273,0.98,0.9789209
1274,0.9590000000000001,0.95887476
1275,0.951,0.9514581
1276,0.981,0.97984487
1277,0.988,0.98724777
1278,0.995,0.9928781
1279,0.971,0.9693989
1280,0.9640000000000001,0.96209556
1281,0.961,0.96588033
1282,0.987,0.98668325
1283,0.966,0.9646216
1284,0.9620000000000001,0.9614131
1285,0.986,0.9847423
1286,0.955,0.95810074
1287,0.9620000000000001,0.96380746
1288,0.977,0.97607464
1289,0.978,0.97736377
1290,0.991,0.9908228
1291,0.987,0.9889712
1292,0.983,0.98334837
1293,0.95,0.9526127
1294,0.9570000000000001,0.9570679
1295,0.9690000000000001,0.96769094
1296,0.9740000000000001,0.97696936
1297,0.9670000000000001,0.9675927
1298,0.971,0.97173536
1299,0.975,0.9792486
1300,0.9520000000000001,0.95324135
1301,0.9940000000000001,0.99347085
1302,0.9620000000000001,0.9678456
1303,0.9540000000000001,0.9538827
1304,0.9520000000000001,0.95483154
1305,0.951,0.9527782
1306,0.98,0.98043257
1307,0.993,0.9924084
1308,0.983,0.9823733
1309,0.9940000000000001,0.9911212
1310,0.9890000000000001,0.9904712
1311,0.996,0.9948326
1312,0.985,0.98359585
1313,0.9990000000000001,0.997379
1314,0.9840000000000001,0.9850613
1315,0.972,0.9711359
1316,0.9790000000000001,0.9808666
1317,0.95,0.95167065
1318,0.983,0.9833256
1319,0.958,0.9573973
1320,0.997,0.995357
1321,0.972,0.9724806
1322,0.977,0.9770262
1323,0.9740000000000001,0.9741693
1324,0.9740000000000001,0.9772395
1325,0.9940000000000001,0.9947601
1326,0.966,0.96254516
1327,0.9640000000000001,0.96381885
1328,0.963,0.96395385
1329,0.985,0.98530304
1330,0.963,0.9607407
1331,0.975,0.9772126
1332,0.976,0.97660744
1333,0.993,0.9934891
1334,0.988,0.98746145
1335,0.97,0.96891665
1336,0.996,0.99509597
1337,0.987,0.9862321
1338,0.968,0.9685314
1339,0.9940000000000001,0.9928781
1340,0.951,0.952258
1341,0.955,0.954824
1342,0.99,0.99032193
1343,0.973,0.9713016
1344,0.992,0.99213487
1345,0.9940000000000001,0.99444306
1346,0.993,0.9937507
1347,0.96,0.95928276
1348,0.961,0.96165186
1349,0.956,0.9550977
1350,0.992,0.99246895
1351,0.96,0.95938987
1352,0.973,0.97450435
1353,0.978,0.97751313
1354,0.98,0.98018914
1355,0.973,0.97173536
1356,0.955,0.95661074
1357,0.995,0.99339426
1358,0.958,0.95607454
1359,0.985,0.98632514
1360,0.991,0.99243045
1361,0.961,0.96146154
1362,0.98,0.9805356
1363,0.96,0.9656744
1364,0.953,0.95380574
1365,0.9670000000000001,0.9664633
1366,0.971,0.97067356
1367,0.975,0.9734736
1368,0.972,0.97083014
1369,0.995,0.9956424
1370,0.987,0.9870406
1371,0.9740000000000001,0.97452843
1372,0.977,0.9776168
1373,0.9670000000000001,0.96590143
1374,0.985,0.98482
1375,0.973,0.97038734
1376,0.975,0.9759353
1377,0.975,0.9718334
1378,0.986,0.9842547
1379,0.955,0.95464444
1380,0.995,0.994865
1381,0.966,0.9660171
1382,1.0,0.99854594
1383,0.972,0.9737722
1384,0.991,0.9914008
1385,0.953,0.9556428
1386,0.986,0.98698545
1387,0.985,0.9861679
1388,0.963,0.96265155
1389,0.9640000000000001,0.9637732
1390,0.987,0.985923
1391,0.955,0.9552185
1392,0.971,0.9708488
1393,0.9640000000000001,0.9652316
1394,0.9540000000000001,0.95399743
1395,0.9540000000000001,0.9540012
1396,0.9620000000000001,0.9598347
1397,0.9990000000000001,0.9967042
1398,0.977,0.97532463
1399,0.9790000000000001,0.97758025
1400,0.9640000000000001,0.965203
1401,0.97,0.9695271
1402,0.973,0.97261727
1403,0.9640000000000001,0.964791
1404,0.9840000000000001,0.9743881
1405,0.987,0.98685175
1406,0.96,0.9603417
1407,0.993,0.99465615
1408,0.9670000000000001,0.9690091
1409,0.987,0.98726463
1410,0.976,0.975721
1411,0.988,0.98862094
1412,0.9640000000000001,0.96284044
1413,0.988,0.9896296
1414,0.973,0.9732525
1415,0.9940000000000001,0.99206555
1416,0.992,0.9935702
1417,0.9740000000000001,0.97835773
1418,0.9990000000000001,0.9967822
1419,0.9940000000000001,0.99465084
1420,0.971,0.9706687
1421,0.985,0.9846686
1422,0.951,0.9531609
1423,0.991,0.99015766
1424,0.953,0.9531778
1425,0.953,0.9529822
1426,0.968,0.9687921
1427,0.965,0.9653417
1428,0.985,0.98641473
1429,0.998,0.99712306
1430,0.9620000000000001,0.9614426
1431,0.9590000000000001,0.9596753
1432,0.9890000000000001,0.9881016
1433,0.968,0.9688422
1434,0.953,0.9541523
1435,0.9690000000000001,0.9686972
1436,0.9890000000000001,0.98992246
1437,0.983,0.9852548
1438,0.976,0.9760265
1439,0.995,0.9939962
1440,0.97,0.9690591
1441,0.973,0.97248125
1442,0.95,0.9510359
1443,0.9520000000000001,0.95340747
1444,0.961,0.9615444
1445,0.992,0.99189866
1446,0.953,0.9569284
1447,0.981,0.98073614
1448,0.976,0.9704457
1449,0.976,0.9729259
1450,0.983,0.98165613
1451,0.9670000000000001,0.9714051
1452,0.9790000000000001,0.98005825
1453,0.9890000000000001,0.98728466
1454,0.971,0.9735327
1455,0.963,0.964176
1456,0.9590000000000001,0.96011376
1457,0.955,0.9579772
1458,0.963,0.961269
1459,0.9640000000000001,0.96280974
1460,0.9890000000000001,0.99024004
1461,0.983,0.98177814
1462,0.9670000000000001,0.9692002
1463,0.978,0.9785999
1464,0.951,0.9522014
1465,0.981,0.98186255
1466,0.988,0.98789203
1467,0.988,0.9879333
1468,0.972,0.97248125
1469,0.991,0.9898932
1470,0.983,0.98480487
1471,0.993,0.9914587
1472,0.9940000000000001,0.9918212
1473,0.96,0.96019185
1474,0.986,0.9850709
1475,0.975,0.9756456
1476,0.956,0.9550913
1477,0.996,0.9960413
1478,0.9640000000000001,0.96380746
1479,0.986,0.9894706
1480,0.978,0.9768587
1481,0.972,0.9718166
1482,0.9840000000000001,0.98402196
1483,0.997,0.9905353
1484,0.996,0.99725884
1485,0.9620000000000001,0.9636082
1486,0.992,0.9920298
1487,0.978,0.9813398
1488,0.98,0.97859764
1489,0.993,0.9963501
1490,0.982,0.97973144
1491,0.98,0.9825789
1492,0.98,0.97758025
1493,0.9940000000000001,0.99377745
1494,0.986,0.99018395
1495,0.9590000000000001,0.95976603
1496,0.995,0.99394614
1497,0.978,0.97581506
1498,0.99,0.9899686
1499,0.985,0.9850314
1500,0.96,0.9596645
1501,0.966,0.96661675
1502,0.971,0.96949834
1503,0.995,0.9931172
1504,0.993,0.991373
1505,0.975,0.97332156
1506,0.987,0.9894706
1507,0.9840000000000001,0.9846182
1508,0.997,0.9961879
1509,0.9640000000000001,0.9649043
1510,0.981,0.98144823
1511,0.972,0.97239906
1512,0.953,0.95298404
1513,0.993,0.9935712
1514,0.9590000000000001,0.95748615
1515,0.987,0.9860618
1516,0.981,0.982258
1517,0.986,0.98632866
1518,0.9890000000000001,0.98909026
1519,0.9520000000000001,0.9529493
1520,0.9670000000000001,0.9665549
1521,0.97,0.97088456
1522,0.965,0.96507114
1523,0.961,0.95910126
1524,0.963,0.96280015
1525,0.9790000000000001,0.97347015
1526,0.97,0.9690767
1527,0.9620000000000001,0.9624197
1528,0.9670000000000001,0.9627386
1529,0.982,0.98165613
1530,0.997,0.9956939
1531,0.9840000000000001,0.98498297
1532,0.981,0.98148596
1533,0.9840000000000001,0.9840225
1534,0.965,0.96727276
1535,0.953,0.953676
1536,0.961,0.9632868
1537,0.9690000000000001,0.9695765
1538,0.965,0.9640435
1539,0.9940000000000001,0.9946484
1540,0.9640000000000001,0.97238624
1541,0.9740000000000001,0.97222126
1542,0.973,0.9725036
1543,0.955,0.9546573
1544,0.9620000000000001,0.96079105
1545,0.972,0.9733501
1546,0.997,0.99725884
1547,0.951,0.9538026
1548,0.95,0.9523381
1549,0.9570000000000001,0.95600283
1550,0.968,0.96839464
1551,0.951,0.953412
1552,0.973,0.97405076
1553,0.981,0.97975487
1554,0.951,0.9519103
1555,0.965,0.96557033
1556,0.991,0.9915913
1557,0.9840000000000001,0.983488
1558,0.9590000000000001,0.9595727
1559,0.995,0.9962483
1560,0.982,0.9812825
1561,0.997,0.99556774
1562,0.985,0.98656636
1563,0.986,0.9852314
1564,1.0,0.9982081
1565,0.996,0.99540436
1566,0.966,0.9661092
1567,0.9790000000000001,0.9791044
1568,0.9740000000000001,0.975517
1569,0.9890000000000001,0.98880136
1570,0.9570000000000001,0.95574707
1571,0.976,0.9757936
1572,0.96,0.95933133
1573,0.972,0.97261727
1574,0.985,0.984076
1575,0.983,0.98368204
1576,0.978,0.97706956
1577,0.993,0.9926617
1578,0.9940000000000001,0.99238634
1579,0.973,0.9734736
1580,0.978,0.9798628
1581,0.975,0.9769291
1582,0.975,0.9746738
1583,0.955,0.9556037
1584,0.997,0.99706197
1585,0.988,0.9881434
1586,0.955,0.9546956
1587,0.972,0.9725685
1588,0.983,0.98256505
1589,0.9840000000000001,0.9852334
1590,0.98,0.97990274
1591,0.9890000000000001,0.9818417
1592,0.975,0.97503704
1593,0.987,0.9866445
1594,0.977,0.9775291
1595,0.983,0.9820503
1596,0.983,0.9844947
1597,0.968,0.96618533
1598,0.9740000000000001,0.9709075
1599,0.9790000000000001,0.97914445
1600,0.981,0.98166263
1601,0.9690000000000001,0.9704805
1602,0.996,0.9953612
1603,0.9590000000000001,0.958179
1604,0.993,0.99164784
1605,0.975,0.9742698
1606,0.965,0.96486604
1607,0.9640000000000001,0.9632223
1608,0.951,0.9524703
1609,0.976,0.9729588
1610,0.955,0.9584611
1611,0.9690000000000001,0.9713266
1612,0.95,0.9525092
1613,0.995,0.9951279
1614,0.956,0.9573185
1615,0.955,0.95511085
1616,0.966,0.9655729
1617,0.992,0.9968352
1618,0.975,0.97593886
1619,0.977,0.9758095
1620,0.998,0.99758863
1621,0.985,0.98401344
1622,0.95,0.95235974
1623,0.9620000000000001,0.96249145
1624,1.0,0.9982786
1625,0.996,0.99509597
1626,0.9570000000000001,0.9572547
1627,0.955,0.9546132
1628,0.955,0.9539709
1629,0.966,0.9657269
1630,0.9590000000000001,0.9569069
1631,0.986,0.98728865
1632,0.983,0.98312205
1633,0.973,0.97394466
1634,0.9690000000000001,0.9700945
1635,0.97,0.9694613
1636,0.986,0.98401004
1637,0.972,0.9690767
1638,0.997,0.99595696
1639,0.971,0.97363037
1640,0.973,0.97452575
1641,0.96,0.9588243
1642,0.978,0.97870123
1643,0.9690000000000001,0.9680871
1644,0.975,0.9748897
1645,0.996,0.99586177
1646,0.963,0.9615875
1647,0.958,0.9576982
1648,0.955,0.9562522
1649,0.976,0.9747336
1650,0.95,0.9514335
1651,0.976,0.97839147
1652,0.995,0.9923047
1653,0.956,0.9564086
1654,0.982,0.9804531
1655,0.998,0.9969067
1656,0.986,0.98629224
1657,0.972,0.9691403
1658,0.961,0.9616399
1659,0.9570000000000001,0.95543504
1660,0.997,0.9962181
1661,0.9790000000000001,0.97961706
1662,0.9540000000000001,0.9533269
1663,0.971,0.9690767
1664,0.955,0.9553606
1665,0.971,0.9707558
1666,0.99,0.99014336
1667,0.981,0.98176664
1668,0.98,0.97973925
1669,0.951,0.9534952
1670,0.955,0.95487374
1671,0.9690000000000001,0.9693388
1672,0.9620000000000001,0.9614627
1673,0.996,0.99435514
1674,0.95,0.95083284
1675,0.965,0.96169484
1676,0.972,0.97211313
1677,0.973,0.97503704
1678,0.978,0.97870344
1679,0.978,0.97638196
1680,0.96,0.9604145
1681,0.95,0.95310795
1682,0.971,0.9732655
1683,0.9570000000000001,0.95607454
1684,0.98,0.9788123
1685,0.996,0.9951937
1686,0.961,0.9603144
1687,0.9690000000000001,0.97067356
1688,0.972,0.97067356
1689,0.972,0.9692456
1690,0.9690000000000001,0.96753085
1691,0.9670000000000001,0.9655729
1692,0.965,0.96531224
1693,0.981,0.98110646
1694,0.97,0.9738124
1695,0.996,0.9961057
1696,0.9570000000000001,0.9567745
1697,0.9690000000000001,0.9680178
1698,0.9620000000000001,0.9621803
1699,0.9840000000000001,0.98422426
1700,0.955,0.95553714
1701,0.973,0.9724806
1702,0.976,0.9735379
1703,0.961,0.9605254
1704,0.961,0.9614359
1705,0.9640000000000001,0.9639403
1706,0.956,0.9554961
1707,0.978,0.97906387
1708,0.9670000000000001,0.96798164
1709,0.956,0.95548683
1710,0.985,0.985167
1711,0.982,0.98208183
1712,0.965,0.965359
1713,0.953,0.956122
1714,0.985,0.98500794
1715,0.955,0.9554882
1716,0.993,0.99327296
1717,0.998,0.9969016
1718,0.97,0.97227836
1719,0.98,0.98700005
1720,0.9940000000000001,0.9937051
1721,0.986,0.9867288
1722,0.9640000000000001,0.9644159
1723,0.953,0.9526945
1724,0.9570000000000001,0.95715326
1725,0.9640000000000001,0.961269
1726,0.96,0.95983446
1727,1.0,0.99781877
1728,0.993,0.99380505
1729,0.956,0.95564413
1730,0.988,0.98771423
1731,0.9540000000000001,0.9548398
1732,0.9520000000000001,0.953684
1733,0.99,0.9904403
1734,0.986,0.9894706
1735,0.956,0.96013266
1736,0.988,0.9898089
1737,0.961,0.96006125
1738,0.97,0.9676344
1739,0.973,0.9715371
1740,0.955,0.9562956
1741,0.9590000000000001,0.9586735
1742,0.9640000000000001,0.9662068
1743,0.987,0.99194086
1744,0.996,0.9903157
1745,0.956,0.95706683
1746,0.9690000000000001,0.9669922
1747,0.987,0.9882914
1748,0.998,0.99749345
1749,0.963,0.9646082
1750,0.973,0.9746595
1751,0.988,0.98719704
1752,0.9840000000000001,0.9835789
1753,0.973,0.97322536
1754,0.963,0.9638642
1755,0.9690000000000001,0.97019064
1756,0.978,0.9794793
1757,0.961,0.96133924
1758,0.977,0.9776125
1759,0.9570000000000001,0.9584233
1760,0.9590000000000001,0.95935
1761,0.993,0.9934244
1762,1.0,0.99792874
1763,0.958,0.95830226
1764,0.9670000000000001,0.966509
1765,0.99,0.9890544
1766,0.992,0.99225056
1767,0.986,0.9871631
1768,0.998,0.99799865
1769,0.9940000000000001,0.9936128
1770,0.9690000000000001,0.9670711
1771,0.956,0.9569333
1772,0.986,0.98285544
1773,0.998,0.9983055
1774,0.997,0.9972735
1775,0.9640000000000001,0.9649043
1776,0.971,0.9719231
1777,0.981,0.9810485
1778,0.985,0.9798994
1779,0.953,0.9526945
1780,0.988,0.9863213
1781,0.975,0.97403276
1782,0.997,0.99578875
1783,0.995,0.9969738
1784,0.977,0.97836685
1785,0.953,0.95483154
1786,0.982,0.98308927
1787,0.986,0.9862153
1788,0.991,0.9908914
1789,0.9570000000000001,0.9582151
1790,0.9570000000000001,0.95623344
1791,0.996,0.99476624
1792,0.993,0.99250036
1793,0.993,0.99273664
1794,0.988,0.9865812
1795,0.987,0.9846833
1796,0.955,0.9546764
1797,0.958,0.95907044
1798,0.966,0.96642935
1799,0.956,0.95533365
1800,0.9590000000000001,0.9598844
1801,0.968,0.9671826
1802,1.0,0.9928747
1803,0.981,0.97973144
1804,0.966,0.96456367
1805,0.9670000000000001,0.9658503
1806,0.9690000000000001,0.9693642
1807,0.982,0.9807486
1808,0.955,0.95492226
1809,0.996,0.99514174
1810,0.9570000000000001,0.9572664
1811,0.985,0.986087
1812,0.981,0.9830745
1813,0.965,0.9656198
1814,0.9990000000000001,0.9959223
1815,0.956,0.95511925
1816,0.99,0.99184424
1817,0.9940000000000001,0.9931906
1818,0.965,0.96328294
1819,0.95,0.95100105
1820,0.99,0.9911001
1821,0.965,0.96626735
1822,0.9590000000000001,0.9595046
1823,0.997,0.99556774
1824,0.953,0.95160407
1825,0.996,0.9952441
1826,0.998,0.9989016
1827,0.9940000000000001,0.99234265
1828,0.975,0.97403276
1829,0.9640000000000001,0.96431136
1830,0.9540000000000001,0.9564415
1831,0.9540000000000001,0.95431846
1832,0.958,0.9586735
1833,0.96,0.95975745
1834,0.977,0.97777486
1835,0.966,0.9663935
1836,0.9740000000000001,0.9739239
1837,0.9840000000000001,0.9837029
1838,0.965,0.9676476
1839,0.973,0.9729738
1840,0.983,0.98438615
1841,0.98,0.9810683
1842,0.985,0.9853307
1843,0.9620000000000001,0.9608175
1844,0.996,0.9962678
1845,0.997,0.9981707
1846,0.9620000000000001,0.96218413
1847,0.991,0.99155873
1848,0.9640000000000001,0.96499604
1849,0.9570000000000001,0.95915645
1850,0.976,0.9757895
1851,0.971,0.9723025
1852,0.965,0.96123344
1853,0.973,0.97554487
1854,0.9640000000000001,0.9612369
1855,0.9590000000000001,0.95926493
1856,0.9640000000000001,0.9636184
1857,0.9540000000000001,0.95390385
1858,0.985,0.98598075
1859,1.0,0.9983479
1860,0.95,0.95259094
1861,0.9590000000000001,0.9593251
1862,0.972,0.97362244
1863,0.951,0.9541004
1864,0.9890000000000001,0.99055445
1865,0.956,0.9558873
1866,0.991,0.9906583
1867,0.972,0.9730535
1868,0.965,0.9619326
1869,0.9840000000000001,0.9861385
1870,0.992,0.982184
1871,0.991,0.99244386
1872,0.9640000000000001,0.9621875
1873,0.9940000000000001,0.99355775
1874,0.9990000000000001,1.0002072
1875,0.97,0.96842355
1876,0.988,0.986
1877,0.98,0.9789359
1878,0.9520000000000001,0.9525394
1879,0.978,0.978351
1880,0.978,0.97581506
1881,0.958,0.9571714
1882,0.963,0.96426445
1883,0.965,0.9654635
1884,0.981,0.981124
1885,0.985,0.98773676
1886,0.997,0.9985851
1887,1.0,0.99792874
1888,0.96,0.9604182
1889,0.95,0.95222473
1890,0.981,0.9818725
1891,0.998,0.99835837
1892,0.96,0.95930874
1893,0.973,0.9716018
1894,0.976,0.97715694
1895,1.0,0.9986358
1896,0.988,0.987622
1897,0.972,0.9727507
1898,0.973,0.9709075
1899,0.983,0.98314685
1900,0.987,0.98609966
1901,0.9840000000000001,0.98244154
1902,0.9670000000000001,0.9664215
1903,0.971,0.96893084
1904,0.968,0.9669293
1905,0.973,0.9730069
1906,0.985,0.9860394
1907,0.997,0.9962067
1908,0.953,0.9540163
1909,0.9840000000000001,0.98350126
1910,0.995,0.9947403
1911,0.9540000000000001,0.9563372
1912,0.992,0.9910935
1913,0.955,0.95569617
1914,0.966,0.96590143
1915,0.998,0.99676
1916,0.976,0.97645164
1917,0.981,0.98034143
1918,0.98,0.981124
1919,0.98,0.98110694
1920,0.997,0.9979538
1921,0.9520000000000001,0.9529417
1922,0.977,0.97870344
1923,0.9990000000000001,0.99716353
1924,0.992,0.9912637
1925,0.9940000000000001,0.99309796
1926,0.9890000000000001,0.9884166
1927,0.96,0.9612083
1928,0.986,0.98516494
1929,0.9790000000000001,0.97880447
1930,0.976,0.97564554
1931,0.991,0.9911379
1932,0.9540000000000001,0.95351976
1933,0.976,0.9753974
1934,0.992,0.9940222
1935,0.998,0.99726313
1936,0.983,0.98394436
1937,0.991,0.9909305
1938,0.9670000000000001,0.96381885
1939,0.987,0.9861935
1940,0.9940000000000001,0.99457264
1941,0.9890000000000001,0.988284
1942,0.978,0.97347015
1943,0.992,0.99115217
1944,0.973,0.97417283
1945,0.983,0.9850705
1946,0.9940000000000001,0.995904
1947,0.997,0.996863
1948,0.9620000000000001,0.9612049
1949,0.9640000000000001,0.9676476
1950,0.9740000000000001,0.9732237
1951,0.982,0.97975487
1952,0.958,0.95642203
1953,0.9740000000000001,0.97485864
1954,0.9570000000000001,0.95564413
1955,0.976,0.97789973
1956,0.9540000000000001,0.9540653
1957,1.0,0.9977546
1958,0.958,0.9564522
1959,0.965,0.96629345
1960,0.963,0.9614627
1961,0.9640000000000001,0.96669716
1962,0.9590000000000001,0.95705014
1963,0.996,0.9962798
1964,0.988,0.9872153
1965,0.985,0.98798
1966,0.995,0.9953059
1967,0.95,0.9522892
1968,0.961,0.97027606
1969,0.986,0.9864212
1970,0.95,0.95158815
1971,0.982,0.9860347
1972,0.9690000000000001,0.9702617
1973,0.986,0.9846876
1974,0.9570000000000001,0.9551785
1975,0.9790000000000001,0.97911984
1976,0.993,0.99082935
1977,0.998,0.9964894
1978,0.972,0.9716018
1979,0.993,0.9918212
1980,0.961,0.9620544
1981,0.9690000000000001,0.96913975
1982,0.9590000000000001,0.95975226
1983,0.9940000000000001,0.993455
1984,0.973,0.9732355
1985,0.976,0.9756456
1986,0.9940000000000001,0.9938233
1987,0.978,0.9785447
1988,0.971,0.9709436
1989,0.99,0.99055344
1990,0.9640000000000001,0.96282655
1991,0.9990000000000001,0.99536484
1992,0.97,0.96920335
1993,0.958,0.95838195
1994,0.981,0.98389816
1995,0.9990000000000001,0.99825126
1996,0.971,0.969258
1997,0.953,0.95377266
1998,0.982,0.9822565
1999,0.981,0.9796014
