,original_turbine_decay_coefficient,predicted_turbine_decay_coefficient
0,0.9520000000000001,0.98338324
1,0.98,0.9950501
2,0.997,0.9805
3,0.982,0.99245363
4,0.978,0.99333006
5,0.9590000000000001,0.9951033
6,0.995,0.9946223
7,0.958,0.9755063
8,0.97,0.9958348
9,0.96,0.97909355
10,0.993,0.9771131
11,0.9890000000000001,0.99698555
12,0.996,0.9818282
13,0.9570000000000001,0.98914665
14,0.99,0.99218136
15,0.955,0.9993516
16,0.971,0.99933887
17,0.983,0.97939575
18,0.9620000000000001,0.985649
19,0.992,0.99881953
20,0.9840000000000001,0.9803175
21,0.985,0.994861
22,0.9520000000000001,0.9952538
23,0.9990000000000001,0.9984933
24,0.9890000000000001,0.99593973
25,0.988,0.9797044
26,0.97,0.97922695
27,0.958,0.9937752
28,0.988,0.9924394
29,0.982,0.98567784
30,0.953,0.9799618
31,0.975,0.9788325
32,0.993,0.98263896
33,0.96,0.99011934
34,0.998,0.9958662
35,0.961,0.9994875
36,0.99,0.9869388
37,0.977,0.98688567
38,0.993,0.97950244
39,0.958,0.9771979
40,0.966,0.98967767
41,0.9520000000000001,0.98979205
42,0.983,0.9942266
43,0.966,0.9988755
44,0.9990000000000001,0.9754882
45,0.965,0.996078
46,0.993,0.982091
47,0.96,0.9933332
48,0.9590000000000001,0.99798626
49,0.982,0.9858679
50,0.993,0.9979184
51,0.977,0.98306775
52,0.9590000000000001,0.97673285
53,0.986,0.97823715
54,0.9790000000000001,0.97777367
55,0.986,0.9966669
56,0.9890000000000001,0.9813399
57,0.986,0.9755642
58,0.9520000000000001,0.98495954
59,0.955,0.9756642
60,0.95,0.9899821
61,0.966,0.9776174
62,0.978,0.99453574
63,0.9670000000000001,0.976789
64,0.961,0.99518543
65,0.981,0.98844707
66,0.982,0.9890827
67,0.9790000000000001,0.99733675
68,0.953,0.9823249
69,0.9690000000000001,0.9799752
70,0.977,0.98187125
71,0.995,0.98305595
72,0.993,0.9984691
73,0.968,0.9854988
74,0.983,0.9875426
75,0.987,0.975927
76,0.9640000000000001,0.98191977
77,0.988,0.99482846
78,0.9620000000000001,0.9842781
79,0.9570000000000001,0.9818636
80,0.95,0.98792696
81,0.983,0.9861096
82,0.988,0.9978519
83,0.965,0.9974798
84,0.9890000000000001,0.99789464
85,0.958,0.9881244
86,0.961,0.98703456
87,0.9690000000000001,0.97582924
88,0.963,0.99970925
89,0.987,0.9799284
90,0.953,0.9789059
91,0.9570000000000001,0.99566674
92,0.95,0.9766313
93,0.963,0.987042
94,0.968,0.98878795
95,0.956,0.98748106
96,0.958,0.9753816
97,0.966,0.9810383
98,0.955,0.9965359
99,0.9890000000000001,0.99868226
100,0.961,0.9792393
101,0.99,0.9870298
102,0.955,0.9937187
103,0.9640000000000001,0.98462474
104,0.9520000000000001,0.9972923
105,0.963,0.98219424
106,0.9570000000000001,0.98449624
107,0.96,0.9804092
108,0.981,0.97804713
109,0.987,0.9883729
110,0.966,0.9989983
111,0.956,0.9917259
112,0.97,0.99869746
113,0.95,0.98845124
114,0.963,0.97732246
115,0.983,0.98247236
116,0.9520000000000001,0.9824747
117,0.9990000000000001,0.98339
118,0.9590000000000001,0.9786023
119,0.991,0.9841796
120,0.951,0.9979365
121,0.998,0.9803493
122,0.968,0.9963526
123,0.9690000000000001,0.9906942
124,0.9620000000000001,0.9853864
125,0.953,0.98932606
126,0.96,0.9881629
127,0.9670000000000001,0.97926843
128,0.9620000000000001,0.9966816
129,0.97,0.9959444
130,0.97,0.9981574
131,0.982,0.98603135
132,0.971,0.98275244
133,0.988,0.9753905
134,0.968,0.9818708
135,0.98,0.9883074
136,0.965,0.9971175
137,0.986,0.9872625
138,0.98,0.9950336
139,0.953,0.9802581
140,0.996,0.9799578
141,0.9540000000000001,0.9781362
142,0.9840000000000001,0.9865837
143,1.0,0.99185944
144,0.972,0.9779625
145,0.9690000000000001,0.9795153
146,0.96,0.98751926
147,0.985,0.99206054
148,0.971,0.97595775
149,0.9840000000000001,0.977499
150,0.958,0.9809768
151,0.9520000000000001,0.9968238
152,0.963,0.9841024
153,0.9590000000000001,0.99147534
154,0.997,0.98615766
155,0.953,0.98423314
156,0.985,0.9892608
157,0.951,0.9848583
158,0.9520000000000001,0.9986526
159,0.997,0.9901162
160,0.9620000000000001,0.9925872
161,0.96,0.99626243
162,0.9890000000000001,0.9968364
163,0.996,0.9957274
164,0.9570000000000001,0.9846427
165,0.9520000000000001,0.97842026
166,0.986,0.98209107
167,0.9540000000000001,0.9902712
168,0.995,0.9976322
169,0.985,0.9992417
170,0.971,0.98706543
171,0.993,0.99135745
172,0.9690000000000001,0.9918963
173,0.996,0.9965357
174,0.992,0.978878
175,0.9890000000000001,0.9904028
176,0.982,0.98579323
177,0.9670000000000001,0.9812282
178,0.986,0.9963161
179,1.0,0.9950762
180,0.9590000000000001,0.99102443
181,0.975,0.975693
182,0.99,0.97790706
183,0.992,0.97880894
184,0.982,0.9891168
185,0.97,0.98936117
186,0.988,0.99569654
187,0.98,0.9902798
188,0.9620000000000001,0.9939511
189,0.96,0.99498737
190,0.953,0.9765682
191,0.997,0.9985186
192,0.977,0.98399043
193,0.9990000000000001,0.9871614
194,0.96,0.9877542
195,0.963,0.9761951
196,1.0,0.9774163
197,0.96,0.9833526
198,0.971,0.99612474
199,0.971,0.9884412
200,0.951,0.99344146
201,0.968,0.9754801
202,0.9890000000000001,0.984367
203,0.991,0.98717064
204,0.981,0.988462
205,0.985,0.997066
206,0.985,0.9927723
207,0.993,0.9945303
208,0.991,0.99602735
209,0.976,0.98331165
210,0.973,0.99393654
211,0.953,0.9757628
212,0.95,0.98153865
213,0.992,0.99501956
214,0.968,0.991678
215,0.9890000000000001,0.9778507
216,0.991,0.98058295
217,0.9620000000000001,0.9937316
218,0.975,0.9871316
219,0.9540000000000001,0.9767014
220,0.97,0.98702097
221,0.997,0.9958066
222,0.976,0.98034537
223,0.98,0.98636734
224,0.9620000000000001,0.97910273
225,0.983,0.99782634
226,0.966,0.9959258
227,0.9640000000000001,0.99796295
228,0.978,0.98318195
229,0.9990000000000001,0.97593784
230,0.95,0.98134595
231,0.966,0.993155
232,0.998,0.9876299
233,0.9740000000000001,0.9932479
234,0.965,0.976887
235,0.978,0.98631716
236,0.966,0.9972346
237,0.988,0.99409324
238,0.958,0.98685163
239,1.0,0.9820568
240,0.958,0.9955949
241,0.97,0.97991276
242,0.977,0.9958876
243,0.9520000000000001,0.99309534
244,0.992,0.9829098
245,0.955,0.9784276
246,0.991,0.9886685
247,0.951,0.9897965
248,0.951,0.9808648
249,0.995,0.9967004
250,0.956,0.97945046
251,0.951,0.98514146
252,0.998,0.9810759
253,0.965,0.99565786
254,0.982,0.9814071
255,0.996,0.99399006
256,0.98,0.98844445
257,0.951,0.98309517
258,0.975,0.97895765
259,0.9520000000000001,0.97875035
260,0.985,0.99099267
261,0.9690000000000001,0.98784894
262,0.985,0.9857069
263,0.982,0.9941466
264,0.9740000000000001,0.98967505
265,0.9890000000000001,0.976596
266,0.9620000000000001,0.9980745
267,0.9570000000000001,0.9985602
268,0.958,0.97908497
269,0.998,0.97949857
270,0.9620000000000001,0.9762567
271,0.9620000000000001,0.9985642
272,0.996,0.9822443
273,0.97,0.99344814
274,0.955,0.97956276
275,0.9540000000000001,0.9881711
276,0.99,0.98828745
277,0.963,0.9797052
278,0.998,0.99298406
279,0.978,0.99371886
280,0.985,0.995626
281,0.988,0.9866016
282,0.986,0.9793183
283,0.982,0.9898566
284,0.988,0.98089343
285,0.956,0.97984284
286,0.968,0.9812866
287,0.95,0.97820175
288,0.971,0.994771
289,0.96,0.9964764
290,0.9790000000000001,0.9992955
291,0.987,0.9967175
292,0.99,0.9843192
293,0.996,0.9979148
294,0.966,0.98544264
295,0.961,0.9838686
296,0.992,0.9848541
297,0.9540000000000001,0.9940624
298,0.958,0.9799479
299,0.971,0.9913638
300,0.963,0.97848004
301,0.995,0.9968355
302,0.95,0.99800074
303,0.9620000000000001,0.98935896
304,0.996,0.9850353
305,0.9620000000000001,0.9902543
306,0.97,0.9926822
307,0.9840000000000001,0.97546244
308,0.995,0.99039054
309,0.995,0.9894494
310,0.992,0.9755794
311,0.9890000000000001,0.996858
312,0.993,0.9964217
313,0.955,0.99340403
314,0.9990000000000001,0.9972807
315,0.996,0.97677886
316,0.966,0.98842055
317,0.998,0.9806113
318,0.973,0.98451525
319,0.97,0.9957552
320,0.9670000000000001,0.9816897
321,0.971,0.9835003
322,0.9670000000000001,0.9908451
323,0.955,0.9866724
324,0.975,0.9756573
325,0.978,0.9912127
326,1.0,0.9969729
327,0.951,0.98942477
328,0.985,0.9860734
329,0.998,0.9910674
330,0.988,0.9760823
331,0.9790000000000001,0.99770015
332,0.96,0.9995624
333,0.9890000000000001,0.9973092
334,0.973,0.9760617
335,0.986,0.99785304
336,0.9690000000000001,0.9847649
337,0.972,0.9983494
338,0.987,0.99774146
339,0.956,0.9919419
340,1.0,0.9845605
341,0.971,0.99298847
342,0.9540000000000001,0.98101723
343,0.9690000000000001,0.9797269
344,0.98,0.9849607
345,0.995,0.9760284
346,0.951,0.99908066
347,0.971,0.9755138
348,0.985,0.9856559
349,0.955,0.9853636
350,0.976,0.998955
351,0.988,0.9951307
352,0.991,0.994812
353,0.995,0.98131967
354,0.997,0.9817543
355,0.992,0.99691087
356,0.9640000000000001,0.97631973
357,0.9620000000000001,0.9756239
358,0.9540000000000001,0.98416483
359,0.97,0.98589087
360,0.987,0.9808068
361,0.965,0.9985113
362,0.975,0.98371935
363,0.991,0.98375595
364,0.961,0.9960408
365,0.981,0.9890026
366,0.975,0.9832677
367,0.965,0.9838906
368,0.9940000000000001,0.99797434
369,0.975,0.9987642
370,0.9620000000000001,0.9767036
371,0.991,0.98481685
372,0.9620000000000001,0.98505604
373,0.993,0.98035586
374,0.9690000000000001,0.99865556
375,0.998,0.99469453
376,0.96,0.9882803
377,0.982,0.9800347
378,0.997,0.9797626
379,0.99,0.99002767
380,0.9790000000000001,0.9922515
381,0.9570000000000001,0.9755746
382,0.9670000000000001,0.98643565
383,0.987,0.9834188
384,0.98,0.98519444
385,0.9940000000000001,0.9903588
386,0.972,0.9819006
387,0.976,0.9849825
388,0.95,0.9783834
389,0.95,0.99555695
390,0.977,0.99679744
391,0.968,0.9978671
392,0.99,0.99411786
393,0.951,0.99852043
394,0.992,0.9902456
395,0.9740000000000001,0.9939407
396,0.971,0.9955244
397,0.982,0.9901821
398,0.976,0.997989
399,0.96,0.9808344
400,0.963,0.97991
401,0.97,0.98437124
402,0.982,0.97579354
403,0.978,0.99066913
404,0.98,0.99587214
405,0.965,0.98144627
406,0.9840000000000001,0.99275005
407,0.985,0.986219
408,0.98,0.9804102
409,0.977,0.97549474
410,0.963,0.9969592
411,0.95,0.9852483
412,0.998,0.9915631
413,0.97,0.9810325
414,0.9590000000000001,0.999496
415,0.958,0.9953613
416,0.9840000000000001,0.9867302
417,0.96,0.9859117
418,0.9590000000000001,0.9917622
419,0.9690000000000001,0.9953201
420,0.99,0.98132324
421,1.0,0.9802321
422,0.995,0.98279
423,0.9540000000000001,0.9872265
424,0.98,0.9903754
425,0.978,0.9857739
426,0.9670000000000001,0.99873567
427,0.963,0.97894526
428,0.966,0.99719673
429,0.9640000000000001,0.99569726
430,0.97,0.989765
431,0.9570000000000001,0.98735905
432,0.9570000000000001,0.98514795
433,0.966,0.9810108
434,0.966,0.9839711
435,0.9640000000000001,0.98819435
436,0.996,0.9901361
437,0.95,0.9896099
438,0.988,0.9965133
439,0.986,0.9945842
440,0.9940000000000001,0.98563254
441,0.971,0.9789842
442,0.998,0.99210703
443,0.971,0.9872066
444,0.956,0.98698306
445,0.956,0.9898478
446,0.996,0.98184514
447,0.975,0.9799425
448,0.9540000000000001,0.9842113
449,0.982,0.9980405
450,0.982,0.99933684
451,0.9890000000000001,0.9808193
452,0.9990000000000001,0.99333894
453,0.951,0.9780735
454,0.977,0.9978563
455,0.965,0.98880076
456,0.956,0.97752595
457,0.965,0.9968844
458,0.9690000000000001,0.9889317
459,0.991,0.9802375
460,0.993,0.9828477
461,0.997,0.9985345
462,0.966,0.9904443
463,0.9790000000000001,0.98173916
464,0.9640000000000001,0.9844992
465,0.968,0.9849999
466,0.9890000000000001,0.9995713
467,0.996,0.9851298
468,0.991,0.9851842
469,0.96,0.9833566
470,0.99,0.9976336
471,0.997,0.98548627
472,0.966,0.9893728
473,0.978,0.9937304
474,0.9620000000000001,0.98628974
475,0.9890000000000001,0.9917778
476,0.988,0.98712564
477,0.987,0.986219
478,0.9640000000000001,0.9818567
479,0.983,0.97907495
480,0.9570000000000001,0.985085
481,0.991,0.99052197
482,0.987,0.97896004
483,0.9740000000000001,0.9981042
484,0.9640000000000001,0.99726915
485,0.968,0.98977953
486,0.9670000000000001,0.98862493
487,0.96,0.9756018
488,0.98,0.98122466
489,0.972,0.9828763
490,0.9590000000000001,0.99902785
491,0.983,0.99756926
492,0.986,0.98991615
493,0.996,0.9855211
494,0.972,0.9764747
495,0.986,0.97813606
496,0.9840000000000001,0.979078
497,0.9590000000000001,0.9786011
498,0.9590000000000001,0.9921123
499,0.998,0.9773704
500,0.975,0.9978869
501,0.9590000000000001,0.98499507
502,0.982,0.97564745
503,0.992,0.98993254
504,0.955,0.9754451
505,0.951,0.9883411
506,0.9790000000000001,0.9808953
507,0.998,0.9755547
508,0.953,0.9900918
509,0.9520000000000001,0.99561644
510,0.9890000000000001,0.97884065
511,0.98,0.9940939
512,0.997,0.98576474
513,0.986,0.9830102
514,0.9590000000000001,0.9980465
515,0.9690000000000001,0.99662375
516,0.986,0.9769613
517,0.971,0.97615993
518,0.993,0.9929663
519,0.986,0.98639536
520,0.966,0.980904
521,0.9570000000000001,0.9806016
522,0.977,0.97630847
523,0.965,0.9800334
524,0.963,0.9997973
525,0.96,0.97766554
526,0.9640000000000001,0.99705
527,0.9670000000000001,0.9829403
528,1.0,0.9796299
529,0.9620000000000001,0.9914051
530,0.95,0.9847852
531,0.971,0.97680414
532,0.99,0.9817347
533,0.965,0.98302126
534,0.955,0.9867937
535,0.993,0.99828213
536,0.963,0.99482155
537,0.963,0.9791086
538,0.9740000000000001,0.9794849
539,0.963,0.9924272
540,0.9670000000000001,0.99347454
541,0.975,0.98423994
542,0.9940000000000001,0.9837026
543,0.963,0.98622847
544,0.956,0.9867937
545,0.9590000000000001,0.9757414
546,0.97,0.9972168
547,0.973,0.9944463
548,0.96,0.98691225
549,1.0,0.9984926
550,0.991,0.99031115
551,0.9640000000000001,0.9918444
552,0.956,0.98583364
553,0.958,0.9973001
554,0.9640000000000001,0.9912894
555,0.9520000000000001,0.9965135
556,0.958,0.98263514
557,1.0,0.990962
558,0.977,0.97783035
559,0.9740000000000001,0.9988502
560,0.9940000000000001,0.9803306
561,0.997,0.99861395
562,0.951,0.98007476
563,0.9640000000000001,0.9817729
564,0.9790000000000001,0.9895432
565,0.983,0.99797475
566,0.995,0.9755893
567,0.963,0.9993949
568,0.968,0.99339277
569,0.961,0.98751557
570,0.9540000000000001,0.98877716
571,0.9740000000000001,0.97783256
572,0.995,0.99658024
573,0.9640000000000001,0.98701024
574,0.995,0.99016976
575,0.961,0.9867364
576,0.993,0.9754324
577,0.958,0.9974539
578,0.98,0.9874761
579,0.9990000000000001,0.98268425
580,0.9790000000000001,0.99587214
581,0.987,0.9971456
582,0.992,0.9849206
583,0.977,0.98323953
584,0.953,0.9953438
585,0.977,0.9912852
586,0.9690000000000001,0.97640586
587,0.9540000000000001,0.99239236
588,0.9690000000000001,0.97718424
589,0.95,0.98212785
590,0.973,0.98923045
591,0.96,0.9959644
592,0.97,0.9992473
593,0.9620000000000001,0.98431206
594,0.9690000000000001,0.9980638
595,0.972,0.9988389
596,0.9990000000000001,0.9773762
597,0.9940000000000001,0.9948356
598,0.9670000000000001,0.9758555
599,0.956,0.9756453
600,0.966,0.9920744
601,0.9890000000000001,0.9958754
602,0.9640000000000001,0.99204135
603,0.956,0.99307
604,0.995,0.9852165
605,0.985,0.99630046
606,0.9570000000000001,0.9847797
607,0.991,0.9883554
608,0.993,0.97556245
609,0.987,0.99052525
610,0.973,0.98281395
611,0.95,0.99112225
612,0.99,0.9969349
613,0.9570000000000001,0.9802704
614,0.961,0.998384
615,0.993,0.97782683
616,1.0,0.9833307
617,0.9520000000000001,0.99124885
618,0.9590000000000001,0.99217665
619,0.9620000000000001,0.97562075
620,0.98,0.98723006
621,0.966,0.98012674
622,0.993,0.9758997
623,0.9640000000000001,0.99004567
624,0.9990000000000001,0.9781748
625,0.9690000000000001,0.99569196
626,0.9790000000000001,0.97600377
627,0.9670000000000001,0.9972248
628,0.972,0.9870902
629,0.995,0.9764112
630,0.971,0.99847305
631,0.968,0.9870962
632,0.983,0.97557527
633,0.955,0.9789829
634,0.981,0.98599946
635,0.958,0.9762436
636,0.968,0.9883059
637,0.963,0.99157137
638,0.987,0.9794904
639,0.993,0.98427975
640,0.973,0.9760753
641,0.968,0.99619555
642,0.955,0.98213124
643,0.961,0.9845608
644,0.9590000000000001,0.9848944
645,0.951,0.9864599
646,0.9940000000000001,0.97823447
647,0.9740000000000001,0.994905
648,0.9540000000000001,0.9849788
649,0.97,0.9991744
650,0.996,0.98129916
651,0.988,0.9908848
652,0.986,0.9988229
653,0.963,0.9851744
654,0.973,0.9843274
655,0.953,0.9825524
656,0.99,0.996585
657,0.965,0.99719167
658,0.971,0.98178124
659,0.9590000000000001,0.98723876
660,0.995,0.97599614
661,0.953,0.9854311
662,0.951,0.9866204
663,0.958,0.9796096
664,0.977,0.99797225
665,0.982,0.9946822
666,0.978,0.9771221
667,0.968,0.98470044
668,0.9590000000000001,0.9888782
669,0.982,0.9987551
670,0.958,0.9872427
671,0.983,0.9904784
672,0.971,0.99496984
673,0.9690000000000001,0.9773452
674,0.96,0.9888718
675,0.975,0.9987489
676,0.956,0.9941155
677,0.9840000000000001,0.9836054
678,0.9620000000000001,0.98913693
679,0.9790000000000001,0.9908719
680,0.997,0.97782314
681,0.986,0.9848057
682,0.971,0.997698
683,0.975,0.9931953
684,0.9740000000000001,0.9979824
685,0.955,0.98138094
686,0.988,0.98581976
687,0.9740000000000001,0.9832853
688,0.99,0.9797196
689,0.953,0.9843614
690,0.965,0.9909031
691,0.963,0.98314595
692,0.9570000000000001,0.9946718
693,0.961,0.98348564
694,0.9640000000000001,0.99418104
695,0.958,0.98880434
696,0.992,0.9983055
697,0.998,0.9768991
698,0.9840000000000001,0.97621
699,0.9840000000000001,0.97767174
700,0.983,0.9913546
701,0.991,0.9871862
702,0.956,0.9764744
703,0.95,0.99037355
704,0.955,0.9977981
705,0.9740000000000001,0.9810613
706,0.98,0.99640775
707,0.981,0.9909676
708,0.9990000000000001,0.9840412
709,0.977,0.9845778
710,0.955,0.98423344
711,0.96,0.97829676
712,0.9640000000000001,0.9891175
713,0.996,0.98087555
714,0.966,0.9831468
715,0.988,0.9919858
716,0.9790000000000001,0.98475254
717,0.955,0.9883953
718,0.991,0.99747145
719,0.973,0.98234195
720,0.976,0.99026
721,0.9790000000000001,0.99194956
722,0.981,0.99730194
723,0.99,0.9957004
724,0.993,0.98421377
725,0.99,0.9790055
726,0.975,0.9896045
727,0.953,0.98351026
728,0.986,0.98269403
729,0.956,0.9775194
730,0.977,0.9870051
731,0.992,0.98026085
732,0.991,0.98306525
733,0.958,0.981963
734,0.983,0.9868137
735,0.963,0.99080086
736,0.98,0.9809932
737,0.992,0.9977756
738,0.9890000000000001,0.98744595
739,0.976,0.9910939
740,0.982,0.9812724
741,0.9520000000000001,0.97823066
742,0.9540000000000001,0.99646324
743,0.977,0.97666466
744,0.961,0.98100364
745,0.9890000000000001,0.9797196
746,0.972,0.99284565
747,0.97,0.9847956
748,0.992,0.9933047
749,0.955,0.9990805
750,0.961,0.99321616
751,0.961,0.9984164
752,0.998,0.9894998
753,0.9890000000000001,0.9820392
754,0.996,0.98448634
755,0.9620000000000001,0.9842929
756,0.997,0.9927411
757,0.978,0.9779604
758,1.0,0.99129975
759,0.975,0.9793921
760,0.9620000000000001,0.99868
761,0.981,0.9936944
762,0.9840000000000001,0.9987519
763,0.9540000000000001,0.9834335
764,0.951,0.98234445
765,0.9740000000000001,0.9925107
766,0.991,0.9800925
767,0.953,0.9765395
768,0.9940000000000001,0.98861134
769,0.981,0.98463476
770,0.958,0.99859595
771,0.963,0.9990038
772,0.956,0.9941824
773,0.9940000000000001,0.9950515
774,0.96,0.9794863
775,0.961,0.98805344
776,0.95,0.99583113
777,0.966,0.98241633
778,0.995,0.97545
779,0.993,0.9846409
780,0.9620000000000001,0.9863856
781,0.976,0.98151267
782,0.96,0.98093057
783,0.9940000000000001,0.9883787
784,0.9640000000000001,0.9799706
785,1.0,0.9966351
786,0.997,0.9871335
787,0.991,0.9880387
788,0.972,0.98003197
789,0.95,0.99292254
790,0.981,0.9897772
791,0.972,0.9931042
792,1.0,0.9863851
793,0.951,0.9928554
794,0.96,0.9900999
795,0.992,0.9804337
796,0.95,0.98345083
797,0.961,0.9892535
798,0.976,0.98321164
799,0.986,0.99875236
800,0.993,0.9881911
801,0.9690000000000001,0.99933434
802,0.993,0.9989185
803,0.9520000000000001,0.99120617
804,0.995,0.9935116
805,0.978,0.9834182
806,0.986,0.9882122
807,0.963,0.98687744
808,0.961,0.977404
809,0.976,0.9851204
810,0.985,0.9810127
811,0.9520000000000001,0.9785042
812,0.955,0.9771569
813,0.95,0.99251914
814,0.976,0.9940573
815,0.998,0.9769927
816,0.956,0.9944977
817,0.958,0.9913071
818,0.995,0.9840922
819,0.9740000000000001,0.99707365
820,0.981,0.9876913
821,0.9640000000000001,0.9762713
822,0.991,0.98199224
823,0.991,0.99157196
824,0.993,0.9834802
825,0.985,0.99969065
826,0.968,0.97812986
827,0.9670000000000001,0.9788676
828,0.992,0.9918675
829,0.95,0.9901186
830,0.9740000000000001,0.9987695
831,0.98,0.98877835
832,0.9740000000000001,0.9851514
833,0.9790000000000001,0.9849607
834,0.992,0.97985554
835,0.991,0.9868305
836,0.9740000000000001,0.985049
837,0.9640000000000001,0.9872036
838,0.958,0.99866563
839,0.953,0.99414325
840,0.965,0.9780245
841,0.958,0.998171
842,0.996,0.9951646
843,0.956,0.9981594
844,0.997,0.9948168
845,0.9690000000000001,0.9810874
846,0.976,0.99532783
847,0.971,0.9934478
848,0.997,0.9822413
849,0.953,0.9762884
850,0.998,0.9778201
851,0.972,0.9842827
852,0.955,0.9980903
853,0.9590000000000001,0.9995624
854,0.9740000000000001,0.9963975
855,0.966,0.97605276
856,0.991,0.98945844
857,0.95,0.99529684
858,0.9990000000000001,0.9893637
859,0.9640000000000001,0.98965836
860,0.997,0.98061955
861,0.9590000000000001,0.98324203
862,1.0,0.987499
863,0.9790000000000001,0.9755183
864,0.973,0.9765843
865,0.975,0.9873295
866,0.9990000000000001,0.99387836
867,0.982,0.98343843
868,0.953,0.986745
869,0.951,0.984025
870,0.966,0.9912579
871,0.9670000000000001,0.9843297
872,0.9940000000000001,0.9975732
873,0.96,0.97694945
874,0.9890000000000001,0.9768195
875,0.965,0.9885053
876,0.9890000000000001,0.9904048
877,0.98,0.98679054
878,0.982,0.9940894
879,0.9940000000000001,0.9803485
880,0.96,0.97851884
881,0.99,0.9851545
882,0.95,0.99145025
883,0.9990000000000001,0.9925593
884,0.976,0.9825065
885,0.971,0.97708184
886,0.978,0.9954338
887,0.9940000000000001,0.9990678
888,0.9840000000000001,0.98733175
889,0.958,0.9952373
890,0.9740000000000001,0.995505
891,0.992,0.98666495
892,0.993,0.97589886
893,0.987,0.98581207
894,0.987,0.9763993
895,0.992,0.9810018
896,0.985,0.9989014
897,0.951,0.9778266
898,0.991,0.9901885
899,0.98,0.9823406
900,0.991,0.99790204
901,0.972,0.9756843
902,0.997,0.9910701
903,0.985,0.98692465
904,0.9670000000000001,0.987671
905,0.9520000000000001,0.9908558
906,0.965,0.99880177
907,0.973,0.9771092
908,0.9840000000000001,0.9860734
909,0.973,0.9837563
910,0.973,0.99122113
911,0.9640000000000001,0.9979942
912,0.998,0.97549486
913,0.9590000000000001,0.9900437
914,0.996,0.9933201
915,0.953,0.98621666
916,0.9890000000000001,0.97798264
917,0.965,0.98241735
918,0.992,0.9921402
919,0.997,0.9793176
920,0.9940000000000001,0.9948418
921,0.955,0.9992182
922,0.996,0.9879241
923,0.9740000000000001,0.9874135
924,0.985,0.9771764
925,0.9570000000000001,0.99854654
926,0.966,0.9985113
927,0.951,0.99585027
928,0.993,0.99131006
929,0.976,0.9755149
930,0.9570000000000001,0.9940152
931,0.9590000000000001,0.9859002
932,1.0,0.99078596
933,0.9670000000000001,0.98741525
934,0.983,0.9785087
935,0.9570000000000001,0.97686005
936,0.991,0.9811723
937,0.991,0.9771862
938,0.996,0.98902065
939,0.995,0.9875189
940,0.996,0.97666836
941,0.9670000000000001,0.9889206
942,0.986,0.9753905
943,0.98,0.9836283
944,0.9890000000000001,0.9925141
945,0.983,0.9934207
946,0.977,0.9825296
947,0.955,0.9822947
948,0.981,0.99422145
949,0.9670000000000001,0.9823108
950,0.9890000000000001,0.99018586
951,0.978,0.9989218
952,0.995,0.9807024
953,0.965,0.9891175
954,0.961,0.99943674
955,0.955,0.98883003
956,0.972,0.98775613
957,0.9840000000000001,0.99085414
958,0.991,0.99178827
959,0.9790000000000001,0.99620926
960,0.9940000000000001,0.9762062
961,0.972,0.9984516
962,0.983,0.98367566
963,0.956,0.97737515
964,0.996,0.9793637
965,0.951,0.9989527
966,0.9740000000000001,0.9945141
967,0.9940000000000001,0.9760778
968,0.997,0.975454
969,0.968,0.9908836
970,0.9840000000000001,0.9896122
971,0.955,0.9801465
972,0.9740000000000001,0.9863765
973,0.9670000000000001,0.99884367
974,0.9620000000000001,0.99567837
975,0.991,0.9957422
976,0.997,0.9835875
977,0.988,0.9934729
978,0.9690000000000001,0.9845392
979,0.9890000000000001,0.9840069
980,0.9570000000000001,0.99205256
981,0.9540000000000001,0.9927542
982,0.972,0.99220836
983,0.972,0.977255
984,0.985,0.986757
985,0.993,0.9848541
986,0.96,0.99805534
987,0.961,0.99725014
988,0.9570000000000001,0.9817846
989,0.95,0.98154736
990,0.9640000000000001,0.9813832
991,0.9570000000000001,0.9925721
992,0.965,0.9785857
993,0.972,0.99042237
994,0.99,0.9917436
995,0.9540000000000001,0.97643924
996,0.9520000000000001,0.98688936
997,0.9570000000000001,0.9879874
998,0.961,0.97766554
999,0.966,0.98527825
1000,0.99,0.99295235
1001,0.995,0.98990345
1002,0.992,0.9844806
1003,0.983,0.99090505
1004,0.966,0.98253393
1005,0.992,0.99475086
1006,0.9890000000000001,0.98437786
1007,0.968,0.978109
1008,0.986,0.99001026
1009,0.99,0.9839139
1010,0.996,0.98719716
1011,0.9690000000000001,0.98027945
1012,0.968,0.9992056
1013,0.988,0.97550946
1014,0.968,0.99190855
1015,0.9640000000000001,0.9988034
1016,0.956,0.9889958
1017,0.987,0.99788886
1018,0.99,0.98701763
1019,0.965,0.9845516
1020,0.9590000000000001,0.9807024
1021,0.9990000000000001,0.9816865
1022,0.988,0.99889374
1023,0.998,0.9811872
1024,0.9620000000000001,0.98307985
1025,0.992,0.99601555
1026,0.972,0.981977
1027,0.9590000000000001,0.9886596
1028,0.9740000000000001,0.9955417
1029,0.953,0.99784577
1030,0.985,0.9965268
1031,0.953,0.9755315
1032,0.998,0.9932565
1033,0.961,0.9902543
1034,0.985,0.9794638
1035,0.991,0.98686683
1036,0.9520000000000001,0.9793896
1037,0.985,0.9957901
1038,0.953,0.98229754
1039,0.9590000000000001,0.9782109
1040,0.9990000000000001,0.9863193
1041,0.963,0.97547644
1042,0.973,0.97533214
1043,0.996,0.97591627
1044,0.9790000000000001,0.98291206
1045,0.977,0.99287677
1046,0.988,0.99390376
1047,0.951,0.995
1048,0.951,0.98163295
1049,0.97,0.986656
1050,0.997,0.99298406
1051,0.96,0.9823332
1052,0.977,0.9865774
1053,0.9690000000000001,0.990139
1054,0.958,0.9849262
1055,0.966,0.9951398
1056,0.982,0.9981152
1057,0.9690000000000001,0.9961431
1058,0.9620000000000001,0.97573614
1059,0.9690000000000001,0.98192066
1060,0.982,0.9870539
1061,0.9990000000000001,0.9952959
1062,0.956,0.9865204
1063,0.9840000000000001,0.9842341
1064,0.996,0.98631525
1065,0.986,0.9936316
1066,0.988,0.9877261
1067,0.956,0.97906643
1068,0.96,0.9781475
1069,0.9570000000000001,0.98074675
1070,0.9520000000000001,0.98539793
1071,0.983,0.9931345
1072,0.975,0.98000014
1073,0.996,0.9955853
1074,0.981,0.9793403
1075,0.982,0.9759956
1076,0.955,0.98266506
1077,0.998,0.9842039
1078,0.987,0.99960697
1079,0.998,0.9852389
1080,0.951,0.9916371
1081,0.953,0.9993435
1082,0.9620000000000001,0.99345565
1083,0.982,0.9954455
1084,0.9990000000000001,0.9778484
1085,0.9890000000000001,0.9979074
1086,0.9540000000000001,0.990424
1087,0.99,0.9797285
1088,0.985,0.99002856
1089,0.963,0.97858393
1090,0.953,0.99056005
1091,0.977,0.97743857
1092,0.973,0.9940962
1093,0.958,0.9761928
1094,0.988,0.9981525
1095,0.993,0.99604785
1096,0.9640000000000001,0.99539995
1097,0.98,0.988342
1098,0.973,0.9770564
1099,0.988,0.9986723
1100,0.9890000000000001,0.98720896
1101,0.985,0.993557
1102,0.995,0.9757181
1103,0.997,0.99702644
1104,0.956,0.9758811
1105,0.9790000000000001,0.97625875
1106,0.9940000000000001,0.9915328
1107,0.988,0.9805769
1108,0.97,0.97646344
1109,0.956,0.99425876
1110,0.991,0.9981086
1111,0.997,0.9834939
1112,0.9540000000000001,0.9853684
1113,0.9620000000000001,0.97727394
1114,0.9640000000000001,0.9930754
1115,0.965,0.99134266
1116,0.9690000000000001,0.9970926
1117,0.978,0.99417293
1118,0.985,0.9838891
1119,0.993,0.9855528
1120,0.9570000000000001,0.9830097
1121,0.968,0.97634363
1122,0.977,0.98034537
1123,0.961,0.98108923
1124,0.958,0.99397266
1125,0.977,0.98256826
1126,0.971,0.9973775
1127,0.9940000000000001,0.9814285
1128,0.956,0.97995067
1129,0.9590000000000001,0.9911456
1130,0.998,0.9920391
1131,0.981,0.9976671
1132,0.98,0.9847425
1133,0.977,0.98718196
1134,0.9540000000000001,0.97802615
1135,0.9520000000000001,0.98265356
1136,0.9790000000000001,0.98333037
1137,1.0,0.9777566
1138,0.986,0.9988755
1139,0.963,0.98046124
1140,0.971,0.98776317
1141,0.99,0.9771332
1142,0.965,0.985809
1143,0.9790000000000001,0.9962362
1144,0.975,0.97589374
1145,0.9570000000000001,0.9918743
1146,0.981,0.9951128
1147,0.986,0.9952261
1148,0.981,0.9949602
1149,0.9790000000000001,0.9965986
1150,0.99,0.99709296
1151,0.9590000000000001,0.9982312
1152,0.95,0.99043953
1153,0.966,0.99885577
1154,0.958,0.9757827
1155,0.973,0.98835504
1156,0.9520000000000001,0.984025
1157,0.9690000000000001,0.99028116
1158,0.9990000000000001,0.9898217
1159,0.982,0.97949815
1160,0.992,0.97934926
1161,0.956,0.9830097
1162,0.9540000000000001,0.98836446
1163,0.9740000000000001,0.9985651
1164,0.975,0.97560155
1165,0.9640000000000001,0.98240614
1166,0.981,0.9797703
1167,0.9790000000000001,0.9927316
1168,0.9670000000000001,0.99806666
1169,0.996,0.9978461
1170,0.977,0.9892454
1171,0.977,0.9919199
1172,0.9790000000000001,0.99898374
1173,0.975,0.9852742
1174,1.0,0.98178697
1175,0.976,0.99459285
1176,0.983,0.9850174
1177,0.996,0.99908626
1178,0.9740000000000001,0.9980642
1179,0.9990000000000001,0.98116803
1180,0.971,0.98038846
1181,0.9540000000000001,0.999164
1182,0.965,0.9866824
1183,0.997,0.97606975
1184,0.985,0.9969366
1185,0.953,0.9992174
1186,0.9520000000000001,0.99484265
1187,0.9740000000000001,0.99180984
1188,0.971,0.9816623
1189,0.976,0.99849945
1190,0.9940000000000001,0.98826754
1191,0.9520000000000001,0.9830718
1192,0.9840000000000001,0.99057555
1193,0.9890000000000001,0.99374115
1194,0.975,0.98519194
1195,0.9640000000000001,0.9824985
1196,0.975,0.9757686
1197,0.993,0.97788316
1198,1.0,0.997857
1199,0.972,0.9830669
1200,0.968,0.9988755
1201,0.9890000000000001,0.97967774
1202,0.966,0.9966408
1203,0.9840000000000001,0.976264
1204,0.965,0.997882
1205,0.9520000000000001,0.9811858
1206,0.9540000000000001,0.97964585
1207,0.983,0.9987278
1208,0.9840000000000001,0.9938501
1209,0.995,0.99769926
1210,0.953,0.9858707
1211,0.965,0.97961545
1212,0.981,0.9888251
1213,0.9670000000000001,0.9921677
1214,0.997,0.9872528
1215,0.9940000000000001,0.9988767
1216,0.9640000000000001,0.9929459
1217,0.988,0.99110365
1218,0.992,0.9753977
1219,0.9790000000000001,0.98376
1220,0.955,0.97984284
1221,0.96,0.99544364
1222,0.9620000000000001,0.992085
1223,0.9520000000000001,0.9757519
1224,0.9740000000000001,0.9832094
1225,0.9940000000000001,0.98111475
1226,0.982,0.99231595
1227,0.955,0.97992283
1228,0.953,0.9906108
1229,0.9690000000000001,0.98785937
1230,0.985,0.9918885
1231,0.956,0.9813922
1232,0.981,0.98984694
1233,0.953,0.98751116
1234,0.966,0.98190457
1235,0.965,0.99769026
1236,0.991,0.98808694
1237,0.996,0.9808464
1238,0.9990000000000001,0.99779755
1239,0.97,0.998115
1240,0.981,0.98406434
1241,0.95,0.99026096
1242,0.9890000000000001,0.9987087
1243,0.968,0.9769858
1244,0.9690000000000001,0.9870962
1245,0.953,0.9885232
1246,0.9840000000000001,0.9925904
1247,0.96,0.984125
1248,0.983,0.99442816
1249,0.9520000000000001,0.9995376
1250,0.9640000000000001,0.9808608
1251,0.9790000000000001,0.99007416
1252,0.966,0.9783764
1253,0.983,0.9978087
1254,0.9990000000000001,0.984347
1255,0.997,0.99681234
1256,0.951,0.99392414
1257,0.9540000000000001,0.98062104
1258,0.968,0.99339545
1259,0.986,0.9953457
1260,0.998,0.9946346
1261,0.995,0.9928514
1262,0.961,0.98015004
1263,0.988,0.99453896
1264,0.96,0.9900336
1265,0.9670000000000001,0.98056906
1266,0.9670000000000001,0.9821976
1267,0.958,0.9843813
1268,0.9570000000000001,0.9777142
1269,0.987,0.99432766
1270,0.995,0.98527485
1271,1.0,0.9962313
1272,0.965,0.97930884
1273,0.98,0.9891549
1274,0.9590000000000001,0.9937737
1275,0.951,0.98880213
1276,0.981,0.9947709
1277,0.988,0.98243237
1278,0.995,0.99849015
1279,0.971,0.9952438
1280,0.9640000000000001,0.9859331
1281,0.961,0.98993045
1282,0.987,0.9781009
1283,0.966,0.99256563
1284,0.9620000000000001,0.98384696
1285,0.986,0.98075974
1286,0.955,0.98117936
1287,0.9620000000000001,0.98171747
1288,0.977,0.9763043
1289,0.978,0.9890746
1290,0.991,0.9767752
1291,0.987,0.9864563
1292,0.983,0.9882846
1293,0.95,0.99180424
1294,0.9570000000000001,0.97728205
1295,0.9690000000000001,0.9763323
1296,0.9740000000000001,0.98912334
1297,0.9670000000000001,0.977257
1298,0.971,0.9885889
1299,0.975,0.98522246
1300,0.9520000000000001,0.9810337
1301,0.9940000000000001,0.9958608
1302,0.9620000000000001,0.98263514
1303,0.9540000000000001,0.9904601
1304,0.9520000000000001,0.97663695
1305,0.951,0.9911368
1306,0.98,0.9961654
1307,0.993,0.9994148
1308,0.983,0.97994006
1309,0.9940000000000001,0.9931115
1310,0.9890000000000001,0.9898422
1311,0.996,0.9969635
1312,0.985,0.99923635
1313,0.9990000000000001,0.9760623
1314,0.9840000000000001,0.99241704
1315,0.972,0.98484766
1316,0.9790000000000001,0.9863032
1317,0.95,0.99412954
1318,0.983,0.9859383
1319,0.958,0.9848231
1320,0.997,0.9889456
1321,0.972,0.9760342
1322,0.977,0.98962665
1323,0.9740000000000001,0.9811206
1324,0.9740000000000001,0.97913617
1325,0.9940000000000001,0.9955678
1326,0.966,0.991145
1327,0.9640000000000001,0.9872069
1328,0.963,0.9988034
1329,0.985,0.99763525
1330,0.963,0.9934653
1331,0.975,0.9971309
1332,0.976,0.9909358
1333,0.993,0.9952092
1334,0.988,0.9762335
1335,0.97,0.9982903
1336,0.996,0.9892051
1337,0.987,0.9984027
1338,0.968,0.99433815
1339,0.9940000000000001,0.9985862
1340,0.951,0.9897626
1341,0.955,0.9798335
1342,0.99,0.98133814
1343,0.973,0.9916754
1344,0.992,0.99649394
1345,0.9940000000000001,0.9905567
1346,0.993,0.9902634
1347,0.96,0.9853897
1348,0.961,0.998502
1349,0.956,0.9903351
1350,0.992,0.98325706
1351,0.96,0.9959693
1352,0.973,0.99082184
1353,0.978,0.9810682
1354,0.98,0.99302244
1355,0.973,0.987052
1356,0.955,0.9758811
1357,0.995,0.97543323
1358,0.958,0.97947025
1359,0.985,0.9825742
1360,0.991,0.98286146
1361,0.961,0.97827923
1362,0.98,0.99163526
1363,0.96,0.9999832
1364,0.953,0.9872298
1365,0.9670000000000001,0.9844601
1366,0.971,0.98255324
1367,0.975,0.98594224
1368,0.972,0.9920739
1369,0.995,0.980974
1370,0.987,0.99584055
1371,0.9740000000000001,0.99926376
1372,0.977,0.9996045
1373,0.9670000000000001,0.9807296
1374,0.985,0.97672284
1375,0.973,0.99043775
1376,0.975,0.9957118
1377,0.975,0.9969351
1378,0.986,0.9979985
1379,0.955,0.9833447
1380,0.995,0.97904485
1381,0.966,0.98878586
1382,1.0,0.9958694
1383,0.972,0.9807803
1384,0.991,0.98210067
1385,0.953,0.9784276
1386,0.986,0.98761076
1387,0.985,0.98826236
1388,0.963,0.9803711
1389,0.9640000000000001,0.9967379
1390,0.987,0.98842275
1391,0.955,0.9902648
1392,0.971,0.9861903
1393,0.9640000000000001,0.98017365
1394,0.9540000000000001,0.9890496
1395,0.9540000000000001,0.9797162
1396,0.9620000000000001,0.9865656
1397,0.9990000000000001,0.9952959
1398,0.977,0.987924
1399,0.9790000000000001,0.98879665
1400,0.9640000000000001,0.9755738
1401,0.97,0.9970524
1402,0.973,0.9800591
1403,0.9640000000000001,0.99703074
1404,0.9840000000000001,0.98745584
1405,0.987,0.9988936
1406,0.96,0.9820467
1407,0.993,0.9869847
1408,0.9670000000000001,0.9919616
1409,0.987,0.98003525
1410,0.976,0.98221153
1411,0.988,0.98811996
1412,0.9640000000000001,0.9896444
1413,0.988,0.98363924
1414,0.973,0.99698484
1415,0.9940000000000001,0.9975476
1416,0.992,0.9832946
1417,0.9740000000000001,0.9830568
1418,0.9990000000000001,0.9986553
1419,0.9940000000000001,0.9882984
1420,0.971,0.98557085
1421,0.985,0.9781299
1422,0.951,0.98636425
1423,0.991,0.98289156
1424,0.953,0.9914907
1425,0.953,0.9901892
1426,0.968,0.9754662
1427,0.965,0.99893606
1428,0.985,0.98139715
1429,0.998,0.98534983
1430,0.9620000000000001,0.99890876
1431,0.9590000000000001,0.98178875
1432,0.9890000000000001,0.98531574
1433,0.968,0.9806287
1434,0.953,0.98495567
1435,0.9690000000000001,0.9853333
1436,0.9890000000000001,0.9826145
1437,0.983,0.97843975
1438,0.976,0.9891697
1439,0.995,0.99890137
1440,0.97,0.9815786
1441,0.973,0.99680775
1442,0.95,0.9801657
1443,0.9520000000000001,0.98018026
1444,0.961,0.9827101
1445,0.992,0.99799997
1446,0.953,0.9837534
1447,0.981,0.9923154
1448,0.976,0.9960314
1449,0.976,0.9833695
1450,0.983,0.996115
1451,0.9670000000000001,0.9792883
1452,0.9790000000000001,0.9849942
1453,0.9890000000000001,0.982702
1454,0.971,0.9971839
1455,0.963,0.9949448
1456,0.9590000000000001,0.9869753
1457,0.955,0.9756832
1458,0.963,0.97905535
1459,0.9640000000000001,0.9825597
1460,0.9890000000000001,0.9947898
1461,0.983,0.9872203
1462,0.9670000000000001,0.9989098
1463,0.978,0.9878324
1464,0.951,0.99382293
1465,0.981,0.9935348
1466,0.988,0.9788532
1467,0.988,0.9828714
1468,0.972,0.9979186
1469,0.991,0.9782071
1470,0.983,0.9787781
1471,0.993,0.99500453
1472,0.9940000000000001,0.9992772
1473,0.96,0.97710437
1474,0.986,0.98803365
1475,0.975,0.9878411
1476,0.956,0.98297226
1477,0.996,0.99114454
1478,0.9640000000000001,0.98068213
1479,0.986,0.99002856
1480,0.978,0.9900626
1481,0.972,0.9840456
1482,0.9840000000000001,0.98167694
1483,0.997,0.98477733
1484,0.996,0.9966075
1485,0.9620000000000001,0.98281837
1486,0.992,0.9943534
1487,0.978,0.9916495
1488,0.98,0.99966216
1489,0.993,0.97700846
1490,0.982,0.97540116
1491,0.98,0.9907031
1492,0.98,0.98727167
1493,0.9940000000000001,0.991824
1494,0.986,0.9832354
1495,0.9590000000000001,0.9826509
1496,0.995,0.9980136
1497,0.978,0.9892577
1498,0.99,0.9807338
1499,0.985,0.98009896
1500,0.96,0.9853177
1501,0.966,0.9971584
1502,0.971,0.9790226
1503,0.995,0.99908626
1504,0.993,0.99602103
1505,0.975,0.994776
1506,0.987,0.9893542
1507,0.9840000000000001,0.98773414
1508,0.997,0.9843284
1509,0.9640000000000001,0.9754898
1510,0.981,0.99286926
1511,0.972,0.99945027
1512,0.953,0.99491477
1513,0.993,0.9931768
1514,0.9590000000000001,0.9888575
1515,0.987,0.98274237
1516,0.981,0.98485905
1517,0.986,0.9861971
1518,0.9890000000000001,0.99782705
1519,0.9520000000000001,0.98874605
1520,0.9670000000000001,0.9877219
1521,0.97,0.9876331
1522,0.965,0.9899479
1523,0.961,0.98898154
1524,0.963,0.9873282
1525,0.9790000000000001,0.9782827
1526,0.97,0.990733
1527,0.9620000000000001,0.9844852
1528,0.9670000000000001,0.991145
1529,0.982,0.99628377
1530,0.997,0.9941901
1531,0.9840000000000001,0.9875392
1532,0.981,0.99611545
1533,0.9840000000000001,0.9816473
1534,0.965,0.9945268
1535,0.953,0.98116076
1536,0.961,0.97793335
1537,0.9690000000000001,0.9864205
1538,0.965,0.99929345
1539,0.9940000000000001,0.9830625
1540,0.9640000000000001,0.9835372
1541,0.9740000000000001,0.9939518
1542,0.973,0.9862343
1543,0.955,0.9883195
1544,0.9620000000000001,0.97858393
1545,0.972,0.9993247
1546,0.997,0.9966314
1547,0.951,0.9965195
1548,0.95,0.9923682
1549,0.9570000000000001,0.9798075
1550,0.968,0.9801129
1551,0.951,0.98015714
1552,0.973,0.9779799
1553,0.981,0.9996444
1554,0.951,0.9787229
1555,0.965,0.9968217
1556,0.991,0.97667074
1557,0.9840000000000001,0.98554313
1558,0.9590000000000001,0.99642557
1559,0.995,0.99226093
1560,0.982,0.98153955
1561,0.997,0.9882411
1562,0.985,0.9799123
1563,0.986,0.9777347
1564,1.0,0.9849221
1565,0.996,0.9943489
1566,0.966,0.99242365
1567,0.9790000000000001,0.9758873
1568,0.9740000000000001,0.9890605
1569,0.9890000000000001,0.9798295
1570,0.9570000000000001,0.9962089
1571,0.976,0.9854046
1572,0.96,0.99721193
1573,0.972,0.9789399
1574,0.985,0.9793278
1575,0.983,0.98361486
1576,0.978,0.9759561
1577,0.993,0.9944135
1578,0.9940000000000001,0.97575676
1579,0.973,0.98623896
1580,0.978,0.9910401
1581,0.975,0.98618555
1582,0.975,0.98842114
1583,0.955,0.9907119
1584,0.997,0.98991764
1585,0.988,0.99136055
1586,0.955,0.9844792
1587,0.972,0.9991085
1588,0.983,0.99708307
1589,0.9840000000000001,0.9862218
1590,0.98,0.9810281
1591,0.9890000000000001,0.9965817
1592,0.975,0.9899511
1593,0.987,0.9873369
1594,0.977,0.98101854
1595,0.983,0.9995608
1596,0.983,0.9757563
1597,0.968,0.986606
1598,0.9740000000000001,0.9959314
1599,0.9790000000000001,0.9761825
1600,0.981,0.9785073
1601,0.9690000000000001,0.9780023
1602,0.996,0.98446083
1603,0.9590000000000001,0.9782233
1604,0.993,0.9939333
1605,0.975,0.9766057
1606,0.965,0.98560107
1607,0.9640000000000001,0.9877939
1608,0.951,0.99495435
1609,0.976,0.9939599
1610,0.955,0.9756934
1611,0.9690000000000001,0.97711116
1612,0.95,0.9986526
1613,0.995,0.98701704
1614,0.956,0.99835855
1615,0.955,0.996631
1616,0.966,0.99521697
1617,0.992,0.9761034
1618,0.975,0.9956733
1619,0.977,0.99124575
1620,0.998,0.98597986
1621,0.985,0.9978675
1622,0.95,0.9767051
1623,0.9620000000000001,0.98114103
1624,1.0,0.9882788
1625,0.996,0.98822474
1626,0.9570000000000001,0.9900514
1627,0.955,0.97768676
1628,0.955,0.98595595
1629,0.966,0.97825146
1630,0.9590000000000001,0.9901453
1631,0.986,0.9920505
1632,0.983,0.9812527
1633,0.973,0.9787315
1634,0.9690000000000001,0.98437124
1635,0.97,0.9939319
1636,0.986,0.9771006
1637,0.972,0.9933546
1638,0.997,0.9966303
1639,0.971,0.9814937
1640,0.973,0.97834563
1641,0.96,0.9863775
1642,0.978,0.99884266
1643,0.9690000000000001,0.97758055
1644,0.975,0.9770117
1645,0.996,0.9789463
1646,0.963,0.9819813
1647,0.958,0.99521327
1648,0.955,0.99789345
1649,0.976,0.9808382
1650,0.95,0.9876617
1651,0.976,0.97708285
1652,0.995,0.986045
1653,0.956,0.9913193
1654,0.982,0.982457
1655,0.998,0.9771793
1656,0.986,0.9783038
1657,0.972,0.99490476
1658,0.961,0.9845308
1659,0.9570000000000001,0.9790297
1660,0.997,0.993828
1661,0.9790000000000001,0.9778412
1662,0.9540000000000001,0.9932537
1663,0.971,0.9933307
1664,0.955,0.99886215
1665,0.971,0.99022216
1666,0.99,0.99349916
1667,0.981,0.9875045
1668,0.98,0.9794282
1669,0.951,0.9981583
1670,0.955,0.9836038
1671,0.9690000000000001,0.9890697
1672,0.9620000000000001,0.9898173
1673,0.996,0.9980291
1674,0.95,0.9984995
1675,0.965,0.98985744
1676,0.972,0.9908366
1677,0.973,0.99412835
1678,0.978,0.9793762
1679,0.978,0.9821944
1680,0.96,0.98824644
1681,0.95,0.9764606
1682,0.971,0.98876894
1683,0.9570000000000001,0.9792625
1684,0.98,0.99276024
1685,0.996,0.9801076
1686,0.961,0.97667533
1687,0.9690000000000001,0.98273134
1688,0.972,0.98603845
1689,0.972,0.989582
1690,0.9690000000000001,0.9903692
1691,0.9670000000000001,0.9961005
1692,0.965,0.99502814
1693,0.981,0.97688895
1694,0.97,0.99653363
1695,0.996,0.99691164
1696,0.9570000000000001,0.9956433
1697,0.9690000000000001,0.9833825
1698,0.9620000000000001,0.9861203
1699,0.9840000000000001,0.98986506
1700,0.955,0.993183
1701,0.973,0.97829515
1702,0.976,0.9854112
1703,0.961,0.99198675
1704,0.961,0.9873228
1705,0.9640000000000001,0.9980662
1706,0.956,0.98738205
1707,0.978,0.99504256
1708,0.9670000000000001,0.97664225
1709,0.956,0.99556386
1710,0.985,0.9871141
1711,0.982,0.9771117
1712,0.965,0.9834274
1713,0.953,0.9989527
1714,0.985,0.98111796
1715,0.955,0.98454833
1716,0.993,0.98496807
1717,0.998,0.99682915
1718,0.97,0.99661404
1719,0.98,0.9885483
1720,0.9940000000000001,0.98006237
1721,0.986,0.9884043
1722,0.9640000000000001,0.9886109
1723,0.953,0.981787
1724,0.9570000000000001,0.9831021
1725,0.9640000000000001,0.98030317
1726,0.96,0.9920245
1727,1.0,0.9768541
1728,0.993,0.98350555
1729,0.956,0.9862119
1730,0.988,0.97946906
1731,0.9540000000000001,0.99903536
1732,0.9520000000000001,0.9922703
1733,0.99,0.98209983
1734,0.986,0.98988754
1735,0.956,0.9816377
1736,0.988,0.99008495
1737,0.961,0.99235916
1738,0.97,0.99933434
1739,0.973,0.99931383
1740,0.955,0.97791874
1741,0.9590000000000001,0.98681355
1742,0.9640000000000001,0.97813976
1743,0.987,0.978112
1744,0.996,0.982755
1745,0.956,0.9777746
1746,0.9690000000000001,0.99520814
1747,0.987,0.9828527
1748,0.998,0.9824405
1749,0.963,0.9993018
1750,0.973,0.9884412
1751,0.988,0.9992886
1752,0.9840000000000001,0.98433894
1753,0.973,0.9933642
1754,0.963,0.9844216
1755,0.9690000000000001,0.9906286
1756,0.978,0.9851911
1757,0.961,0.99611187
1758,0.977,0.99027216
1759,0.9570000000000001,0.999035
1760,0.9590000000000001,0.9921309
1761,0.993,0.9780762
1762,1.0,0.97961175
1763,0.958,0.9816208
1764,0.9670000000000001,0.9840472
1765,0.99,0.9757959
1766,0.992,0.9811262
1767,0.986,0.98368394
1768,0.998,0.9957161
1769,0.9940000000000001,0.97644114
1770,0.9690000000000001,0.9919008
1771,0.956,0.9957844
1772,0.986,0.99307936
1773,0.998,0.99673986
1774,0.997,0.991364
1775,0.9640000000000001,0.97596157
1776,0.971,0.99493325
1777,0.981,0.99177074
1778,0.985,0.9954767
1779,0.953,0.98151684
1780,0.988,0.9883634
1781,0.975,0.98387706
1782,0.997,0.97549564
1783,0.995,0.9767048
1784,0.977,0.9979241
1785,0.953,0.9774012
1786,0.982,0.9817451
1787,0.986,0.98224175
1788,0.991,0.97757363
1789,0.9570000000000001,0.9804723
1790,0.9570000000000001,0.9774606
1791,0.996,0.9767885
1792,0.993,0.9963689
1793,0.993,0.9794313
1794,0.988,0.97779095
1795,0.987,0.99928075
1796,0.955,0.98117375
1797,0.958,0.99401104
1798,0.966,0.9881958
1799,0.956,0.9781107
1800,0.9590000000000001,0.9954122
1801,0.968,0.98409104
1802,1.0,0.9832966
1803,0.981,0.976111
1804,0.966,0.98398125
1805,0.9670000000000001,0.9833131
1806,0.9690000000000001,0.979964
1807,0.982,0.9994116
1808,0.955,0.9765228
1809,0.996,0.9886637
1810,0.9570000000000001,0.97639287
1811,0.985,0.9892889
1812,0.981,0.9771184
1813,0.965,0.984966
1814,0.9990000000000001,0.9755641
1815,0.956,0.9926211
1816,0.99,0.9908542
1817,0.9940000000000001,0.9970616
1818,0.965,0.9914472
1819,0.95,0.9764904
1820,0.99,0.9797772
1821,0.965,0.99933517
1822,0.9590000000000001,0.9792049
1823,0.997,0.9890621
1824,0.953,0.97891647
1825,0.996,0.9911289
1826,0.998,0.9776708
1827,0.9940000000000001,0.9901136
1828,0.975,0.9851208
1829,0.9640000000000001,0.9911336
1830,0.9540000000000001,0.97569585
1831,0.9540000000000001,0.99756086
1832,0.958,0.98883736
1833,0.96,0.9760195
1834,0.977,0.9809792
1835,0.966,0.9976444
1836,0.9740000000000001,0.9759337
1837,0.9840000000000001,0.9914994
1838,0.965,0.975562
1839,0.973,0.9895844
1840,0.983,0.98620105
1841,0.98,0.98582125
1842,0.985,0.9821124
1843,0.9620000000000001,0.9879315
1844,0.996,0.9857418
1845,0.997,0.98161364
1846,0.9620000000000001,0.98222136
1847,0.991,0.99228317
1848,0.9640000000000001,0.97949064
1849,0.9570000000000001,0.97557616
1850,0.976,0.9866965
1851,0.971,0.98540723
1852,0.965,0.9922533
1853,0.973,0.97603595
1854,0.9640000000000001,0.99689096
1855,0.9590000000000001,0.99047303
1856,0.9640000000000001,0.9988843
1857,0.9540000000000001,0.9761776
1858,0.985,0.98320484
1859,1.0,0.99611324
1860,0.95,0.99358827
1861,0.9590000000000001,0.9968972
1862,0.972,0.98279136
1863,0.951,0.9757519
1864,0.9890000000000001,0.986822
1865,0.956,0.9866172
1866,0.991,0.9760572
1867,0.972,0.99065995
1868,0.965,0.98860306
1869,0.9840000000000001,0.9889531
1870,0.992,0.9936315
1871,0.991,0.98960495
1872,0.9640000000000001,0.98310065
1873,0.9940000000000001,0.97583175
1874,0.9990000000000001,0.99741316
1875,0.97,0.98179185
1876,0.988,0.9764991
1877,0.98,0.9770815
1878,0.9520000000000001,0.9818288
1879,0.978,0.9807898
1880,0.978,0.99131924
1881,0.958,0.9910797
1882,0.963,0.99933517
1883,0.965,0.9920035
1884,0.981,0.99918437
1885,0.985,0.998842
1886,0.997,0.9776981
1887,1.0,0.9804003
1888,0.96,0.97973454
1889,0.95,0.9970058
1890,0.981,0.97604823
1891,0.998,0.98273605
1892,0.96,0.9818245
1893,0.973,0.979429
1894,0.976,0.97929776
1895,1.0,0.99150294
1896,0.988,0.97628975
1897,0.972,0.9859959
1898,0.973,0.99566144
1899,0.983,0.9888171
1900,0.987,0.9849414
1901,0.9840000000000001,0.983313
1902,0.9670000000000001,0.9874706
1903,0.971,0.98142445
1904,0.968,0.98179424
1905,0.973,0.9767765
1906,0.985,0.9795579
1907,0.997,0.9789463
1908,0.953,0.9975086
1909,0.9840000000000001,0.9970951
1910,0.995,0.9768208
1911,0.9540000000000001,0.9784276
1912,0.992,0.99872524
1913,0.955,0.98171747
1914,0.966,0.9816679
1915,0.998,0.98935235
1916,0.976,0.9939699
1917,0.981,0.98539686
1918,0.98,0.99830115
1919,0.98,0.9812302
1920,0.997,0.9769591
1921,0.9520000000000001,0.9766475
1922,0.977,0.97814107
1923,0.9990000000000001,0.9799596
1924,0.992,0.9761178
1925,0.9940000000000001,0.9754232
1926,0.9890000000000001,0.9823923
1927,0.96,0.99618196
1928,0.986,0.9868962
1929,0.9790000000000001,0.98516273
1930,0.976,0.9759842
1931,0.991,0.9839913
1932,0.9540000000000001,0.9801465
1933,0.976,0.98965836
1934,0.992,0.987327
1935,0.998,0.9901116
1936,0.983,0.9972068
1937,0.991,0.9973887
1938,0.9670000000000001,0.98864484
1939,0.987,0.994529
1940,0.9940000000000001,0.9848228
1941,0.9890000000000001,0.99668705
1942,0.978,0.9786427
1943,0.992,0.995067
1944,0.973,0.9919971
1945,0.983,0.9970759
1946,0.9940000000000001,0.9915112
1947,0.997,0.98039925
1948,0.9620000000000001,0.9832426
1949,0.9640000000000001,0.9764048
1950,0.9740000000000001,0.98068523
1951,0.982,0.9996444
1952,0.958,0.98478013
1953,0.9740000000000001,0.99918735
1954,0.9570000000000001,0.98483324
1955,0.976,0.9959576
1956,0.9540000000000001,0.99283135
1957,1.0,0.9854834
1958,0.958,0.9933876
1959,0.965,0.9979662
1960,0.963,0.9899851
1961,0.9640000000000001,0.9951824
1962,0.9590000000000001,0.9941993
1963,0.996,0.99940497
1964,0.988,0.997942
1965,0.985,0.9826421
1966,0.995,0.99097836
1967,0.95,0.9892129
1968,0.961,0.98227733
1969,0.986,0.9865595
1970,0.95,0.9762541
1971,0.982,0.99505925
1972,0.9690000000000001,0.9826274
1973,0.986,0.99399376
1974,0.9570000000000001,0.98194826
1975,0.9790000000000001,0.9784913
1976,0.993,0.98534906
1977,0.998,0.9947368
1978,0.972,0.97835803
1979,0.993,0.99927664
1980,0.961,0.9820883
1981,0.9690000000000001,0.9770953
1982,0.9590000000000001,0.9989901
1983,0.9940000000000001,0.982036
1984,0.973,0.97694933
1985,0.976,0.98785526
1986,0.9940000000000001,0.9920094
1987,0.978,0.98951864
1988,0.971,0.99881124
1989,0.99,0.9931031
1990,0.9640000000000001,0.97933245
1991,0.9990000000000001,0.97854996
1992,0.97,0.9783664
1993,0.958,0.9964764
1994,0.981,0.99737763
1995,0.9990000000000001,0.9895021
1996,0.971,0.9993826
1997,0.953,0.9958732
1998,0.982,0.9757787
1999,0.981,0.977079
